ARIMA,AAPL,MSFT,AMZN,GOOGL,BRK.B,TSLA,NVDA,GOOG,UNH,JPM,AVGO,V,BAC,HD,MA,MRK,ABBV,LLY,UPS,AIC_CAT,,,,,
ARIMA 010,-12699.12732,-10464.38642,-4415.862193,-1309.907245,5137.343949,4732.981041,-9107.460019,-2023.167904,-5982.249497,-10706.25755,-1065.09606,-10686.25649,-942.7522934,-10601.94543,-8636.862349,-23218.62396,-13449.96096,-23919.79441,-6623.671389,-9298.967811,,,,,
ARIMA 010d,-12700.60463,-10470.55891,-4419.988337,-1311.832695,5135.704716,4733.603347,-9114.581189,-2025.171263,-5988.674675,-10708.7226,-1068.542185,-10692.61023,-943.6665605,-10606.4122,-8644.542568,-23218.92618,-13449.71133,-23920.81315,-6622.390442,-9297.455961,,,,,
ARIMA 011,-12698.47263,-10465.22924,-4413.877615,-1308.801438,5137.62755,4734.93294,-9106.043038,-2021.637482,-5980.463842,-10704.31327,-1063.351475,-10698.42158,-942.1217683,-10602.1649,-8642.455072,-23216.92894,-13448.00279,-23921.63175,-6623.114924,-9297.686481,,,,,
ARIMA 0110,-12701.27977,-10470.98011,-4407.118651,-1320.111528,5130.149866,4743.763496,-9100.108584,-2031.690315,-5973.726061,-10694.74481,-1054.560948,-10693.60936,-932.4950531,-10593.24692,-8637.360381,-23210.04947,-13441.81517,-23915.62036,-6614.418831,-9291.869467,,,,,
ARIMA 0110d,-12702.73848,-10484.08045,-4412.892131,-1324.655925,5127.456085,4744.248478,-9107.808174,-2036.416017,-5985.363151,-10697.57184,-1059.636143,-10704.52479,-933.0277641,-10599.18496,-8650.668808,-23211.05137,-13442.37466,-23917.56463,-6613.015335,-9290.327118,,,,,
ARIMA 011d,-12699.76805,-10472.21863,-4418.064789,-1310.555359,5135.733493,4735.539961,-9113.55824,-2023.515204,-5986.74284,-10706.84132,-1066.682421,-10706.81228,-942.8868541,-10606.20641,-8651.775276,-23217.29825,-13447.7373,-23922.9623,-6621.795845,-9296.156393,,,,,
ARIMA 012,-12697.45128,-10467.43699,-4413.527409,-1312.995478,5138.99722,4736.493374,-9104.153603,-2026.342879,-5978.533525,-10702.37765,-1063.303284,-10703.03646,-940.2168213,-10602.84267,-8645.035732,-23220.32006,-13448.12139,-23919.7984,-6621.115444,-9295.886386,,,,,
ARIMA 012d,-12698.92215,-10475.54272,-4418.180064,-1315.285263,5136.94002,4737.145413,-9111.576643,-2028.798511,-5984.745772,-10704.97252,-1067.072295,-10713.10297,-940.9482135,-10607.42401,-8655.897485,-23220.99705,-13447.99099,-23921.07348,-6619.79734,-9294.346993,,,,,
ARIMA 013,-12695.48197,-10465.63001,-4412.135025,-1311.031051,5140.069373,4738.314674,-9107.374059,-2024.349007,-5976.602581,-10701.3961,-1062.248064,-10701.15292,-942.378179,-10600.84505,-8643.486947,-23219.13482,-13446.47397,-23917.81532,-6621.351663,-9293.898109,,,,,
ARIMA 013d,-12696.99061,-10473.55677,-4417.067703,-1313.387154,5138.227326,4738.934312,-9113.884263,-2026.843771,-5982.74694,-10703.76315,-1066.380698,-10711.55121,-942.8506762,-10605.43784,-8654.978142,-23219.94009,-13446.28625,-23919.11489,-6619.983548,-9292.356382,,,,,
ARIMA 014,-12693.89145,-10467.48348,-4411.050919,-1310.118132,5138.08061,4739.837463,-9106.211171,-2023.772525,-5977.649102,-10703.27258,-1061.815091,-10701.16694,-941.3720183,-10598.96517,-8643.706583,-23217.13652,-13444.97898,-23915.90155,-6619.779227,-9292.267881,,,,,
ARIMA 014d,-12695.30615,-10476.98148,-4416.339201,-1312.770197,5135.80384,4740.408483,-9112.37554,-2026.617364,-5984.750134,-10706.0928,-1066.424484,-10712.5261,-941.9735562,-10603.47162,-8656.437649,-23217.95317,-13444.87739,-23917.25313,-6618.431424,-9290.711362,,,,,
ARIMA 015,-12692.41777,-10470.69886,-4410.586823,-1314.323158,5129.078364,4740.314799,-9104.533523,-2027.139605,-5975.696873,-10702.59202,-1061.808845,-10700.25566,-940.5218414,-10597.65894,-8642.182354,-23215.14138,-13443.38156,-23916.36602,-6618.957628,-9295.093012,,,,,
ARIMA 015d,-12693.96267,-10482.05801,-4415.45668,-1317.787009,5126.065203,4740.793014,-9111.018426,-2030.768898,-5983.015402,-10705.68369,-1066.944305,-10712.35503,-941.2628221,-10602.50241,-8655.546991,-23215.95317,-13443.36752,-23917.46055,-6617.641398,-9293.586643,,,,,
ARIMA 016,-12690.86116,-10469.5671,-4408.61911,-1315.428407,5131.071463,4741.565734,-9103.695327,-2027.939571,-5975.863964,-10700.59491,-1060.02747,-10699.02457,-939.7003415,-10595.67105,-8640.280999,-23215.70468,-13444.32515,-23916.96558,-6617.713311,-9293.106635,,,,,
ARIMA 016d,-12692.2962,-10481.66425,-4413.456954,-1319.536482,5128.025953,4742.109111,-9110.792574,-2032.204295,-5984.190736,-10703.68688,-1065.34241,-10710.66944,-940.3120049,-10600.58356,-8653.992125,-23216.75718,-13444.54027,-23918.33703,-6616.374955,-9291.597785,,,,,
ARIMA 017,-12697.49381,-10467.5671,-4406.64894,-1318.15347,5125.039981,4743.34662,-9102.735805,-2029.876326,-5974.299364,-10700.70542,-1058.088282,-10697.99921,-937.7522578,-10594.33718,-8639.603576,-23213.93922,-13444.0261,-23915.22861,-6617.420652,-9293.59706,,,,,
ARIMA 017d,-12698.44973,-10479.76188,-4411.457575,-1321.577055,5122.666045,4743.924492,-9109.389146,-2033.504402,-5983.199296,-10703.45819,-1063.348669,-10709.10386,-938.3398851,-10598.97889,-8652.616108,-23215.07378,-13444.40857,-23916.51234,-6616.044748,-9292.126736,,,,,
ARIMA 018,-12704.05037,-10472.11633,-4410.523783,-1323.547873,5126.510396,4745.210935,-9103.25958,-2035.117325,-5972.667048,-10698.70735,-1056.337132,-10696.0863,-935.9809489,-10592.45897,-8639.690662,-23212.25219,-13442.24886,-23918.85976,-6615.576357,-9291.597354,,,,,
ARIMA 018d,-12705.50722,-10486.05248,-4416.266904,-1327.837147,5123.93923,4745.816764,-9110.748139,-2039.624826,-5982.137179,-10701.46658,-1061.827259,-10707.10686,-936.6378704,-10597.27131,-8653.898473,-23213.48727,-13442.68598,-23920.58777,-6614.189019,-9290.126743,,,,,
ARIMA 019,-12702.68058,-10470.11635,-4408.843304,-1322.09984,5128.460964,4742.244064,-9101.853127,-2033.686401,-5971.630527,-10696.73933,-1054.402327,-10694.43668,-934.3410049,-10591.98862,-8637.848321,-23210.25312,-13443.4516,-23917.04451,-6615.723192,-9290.391857,,,,,
ARIMA 019d,-12704.0203,-10484.14366,-4414.43038,-1326.598257,5125.929243,4742.676271,-9109.705059,-2038.410378,-5981.837682,-10699.56675,-1060.023138,-10705.96117,-934.9241762,-10597.27331,-8651.9,-23211.50144,-13444.06526,-23918.85757,-6614.291817,-9288.897558,,,,,
ARIMA 1010,-12701.42671,-10472.13154,-4406.845627,-1319.370601,5130.359344,4742.730631,-9100.831032,-2031.41091,-5973.319406,-10694.39692,-1055.026631,-10693.97644,-932.5577759,-10592.90288,-8637.553109,-23209.84101,-13441.90555,-23916.93841,-6614.092562,-9291.054258,,,,,
ARIMA 1010d,-12702.89168,-10485.23038,-4412.546357,-1323.464537,5127.795646,4743.231585,-9108.663232,-2035.677675,-5983.464535,-10697.21919,-1060.169739,-10704.97372,-933.0967867,-10598.72176,-8651.010417,-23210.8123,-13442.44192,-23918.80895,-6612.689878,-9289.512022,,,,,
ARIMA 1011,-12699.05447,-10472.10298,-4405.622497,-1320.243785,5130.016284,4744.124013,-9099.668358,-2032.162268,-5971.822104,-10692.39742,-1053.670487,-10692.11442,-930.5534486,-10592.40536,-8636.103535,-23209.05004,-13439.9767,-23914.91747,-6612.360546,-9289.242682,,,,,
ARIMA 10110,-12703.89359,-10469.49446,-4405.771074,-1323.172729,5127.483268,4747.749973,-9099.235791,-2032.565718,-5979.032268,-10695.80612,-1049.891319,-10693.72944,-933.9339164,-10591.19795,-8631.471047,-23213.71194,-13447.85747,-23916.37958,-6617.805524,-9294.037071,,,,,
ARIMA 1011d,-12700.31225,-10483.53899,-4411.93608,-1325.310757,5124.227606,4744.621252,-9108.084198,-2037.437421,-5981.748716,-10695.21906,-1058.503206,-10702.98505,-931.0864081,-10598.13398,-8649.120322,-23210.06187,-13440.60147,-23916.78914,-6610.953696,-9287.706352,,,,,
ARIMA 1012,-12703.90939,-10470.16702,-4413.092219,-1327.263052,5112.337331,4744.85183,-9097.902147,-2039.724585,-5979.73138,-10690.39698,-1058.805891,-10690.20066,-928.5201185,-10592.99819,-8634.135851,-23207.91869,-13439.47567,-23924.21045,-6610.269611,-9294.559088,,,,,
ARIMA 1012d,-12705.39909,-10481.63827,-4418.992721,-1329.286311,5126.228426,4745.044425,-9106.415697,-2042.267336,-5981.030362,-10693.21848,-1059.801663,-10701.08037,-929.0783833,-10598.30609,-8647.422693,-23208.96029,-13440.12504,-23925.95076,-6608.863217,-9293.060766,,,,,
ARIMA 1013,-12701.10474,-10475.99488,-4404.962418,-1321.6987,5125.303672,4741.802072,-9095.757201,-2033.261808,-5980.485365,-10688.39853,-1053.700206,-10689.90759,-926.5916779,-10591.61679,-8632.147863,-23205.82536,-13444.44403,-23919.4189,-6618.261183,-9290.437218,,,,,
ARIMA 1013d,-12706.18713,-10479.74018,-4411.148348,-1326.616801,5119.397676,4741.994624,-9103.954311,-2038.396396,-5992.659159,-10691.21812,-1059.044284,-10709.58439,-927.184925,-10597.16714,-8645.495771,-23206.85837,-13444.67059,-23919.76057,-6619.412689,-9288.926041,,,,,
ARIMA 1014,-12704.04857,-10465.29254,-4404.080382,-1325.060969,5127.241531,4743.781056,-9093.70509,-2036.604369,-5978.514754,-10702.13537,-1051.616251,-10696.49402,-935.2408747,-10589.77008,,-23209.83422,-13443.01543,-23920.95026,-6617.871606,-9296.733548,,,,,
ARIMA 1014d,-12709.04063,-10477.7418,-4410.151902,-1329.452455,5121.277858,4744.148439,-9101.981046,-2041.225781,-5990.661346,-10699.0969,-1057.045955,-10706.09694,-933.631796,-10595.5161,,-23209.27931,-13443.34462,-23922.38424,-6617.43965,-9295.219407,,,,,
ARIMA 1015,-12701.57583,-10473.43286,-4404.683502,-1324.537893,5116.956537,4745.842267,-9106.435854,-2034.665656,-5977.111281,-10684.7044,-1052.768177,-10694.71296,-935.9014649,-10592.9542,-8628.33284,-23210.33614,-13451.57037,-23918.07321,-6615.107652,-9302.911646,,,,,
ARIMA 1015d,-12704.13063,-10486.21716,-4410.692695,-1328.180406,5110.887818,4746.031968,-9113.732311,-2039.072309,-5989.019549,-10708.93182,-1059.990668,-10707.18675,-932.985025,-10603.10832,-8641.381258,-23213.54682,-13452.09839,-23920.24733,-6618.604614,-9300.592232,,,,,
ARIMA 110,-12698.40709,-10464.95632,-4413.876693,-1308.697333,5137.693889,4734.931442,-9106.051129,-2021.580959,-5980.466435,-10704.31261,-1063.334808,-10696.66251,-942.1440676,-10601.98795,-8641.692602,-23216.89526,-13447.99994,-23921.6982,-6623.115202,-9297.701795,,,,,
ARIMA 110d,-12699.70672,-10471.82767,-4418.059649,-1310.467942,5135.818298,4735.538092,-9113.5619,-2023.472194,-5986.743006,-10706.83932,-1066.672368,-10704.59739,-942.9030852,-10606.05039,-8650.720987,-23217.25602,-13447.73547,-23923.01942,-6621.79503,-9296.170951,,,,,
ARIMA 111,-12696.93187,-10471.21188,-4411.8772,-1310.95642,5136.78928,4734.882388,-9104.047462,-2023.944928,-5978.465068,-10702.31292,-1061.894821,-10703.5929,-940.9054208,-10601.80945,-8646.97427,-23214.6616,-13446.00118,-23919.69983,-6621.114611,-9295.694599,,,,,
ARIMA 1110,-12698.83767,-10471.91608,-4405.800688,-1318.118576,5130.116013,4744.913094,-9099.117232,-2029.688033,-5972.187579,-10692.74446,-1053.286173,-10691.60212,-930.4931091,-10592.62762,-8635.671563,-23209.23395,-13440.98351,-23913.08771,-6612.684166,-9289.937423,,,,,
ARIMA 1110d,-12700.05781,-10483.28749,-4412.049598,-1323.814642,5124.238571,4745.399847,-9107.186056,-2034.419444,-5983.587628,-10695.57226,-1057.970382,-10702.54347,-931.0256637,-10598.46916,-8648.645769,-23210.32271,-13441.5013,-23915.33721,-6611.276471,-9288.39951,,,,,
ARIMA 111d,-12696.6058,-10484.4259,-4416.062474,-1312.750797,5131.032259,4735.483279,-9111.560764,-2025.816583,-5984.742819,-10704.84028,-1065.265753,-10715.39476,-940.8945091,-10605.94903,-8660.928031,-23214.97282,-13445.73618,-23920.9617,-6619.795007,-9294.164094,,,,,
ARIMA 112,-12694.53061,-10466.1208,-4412.243242,-1315.724168,5139.566807,4738.357675,-9103.923758,-2024.346189,-5976.534225,-10700.37951,-1064.827117,-10701.75167,-938.9446347,-10600.83873,-8645.029499,-23219.06228,-13446.65496,-23918.09542,-6619.114925,-9293.887414,,,,,
ARIMA 112d,-12695.85581,-10482.56152,-4417.928502,-1320.463825,5138.121054,4739.095349,-9109.570905,-2033.542347,-5982.745779,-10704.56831,-1075.584185,-10713.40194,-939.5100126,-10605.4298,-8658.927127,-23220.07196,-13446.53591,-23920.33297,-6617.796138,-9292.34787,,,,,
ARIMA 113,-12693.81861,-10464.08883,-4410.321933,-1309.035734,5141.507127,4738.780558,-9105.843598,-2022.350655,-5976.380529,-10700.84144,-1062.889627,-10699.11569,-940.7970282,-10598.84566,-8643.079335,-23216.93954,-13444.47144,-23916.54495,-6619.514964,-9291.899451,,,,,
ARIMA 113d,-12694.92322,-10480.7877,-4415.552989,-1319.193649,5139.665543,4738.957486,-9112.121105,-2024.847943,-5980.746643,-10703.24319,-1073.872169,-10718.77854,-941.3005698,-10603.43721,-8657.066098,-23217.82156,-13444.28413,-23918.85213,-6618.152065,-9290.357533,,,,,
ARIMA 114,-12691.98084,-10471.48015,-4412.176375,-1314.681126,5135.455709,4741.416842,-9104.22244,-2028.047923,-5975.6531,-10702.09582,-1061.489292,-10699.58969,-939.7266457,-10596.95548,-8642.136071,-23215.21247,-13446.97624,-23914.61651,-6618.023235,-9293.73062,,,,,
ARIMA 114d,-12693.00483,-10484.7583,-4417.292474,-1319.444554,5132.501361,4741.924603,-9110.50538,-2033.00776,-5991.317811,-10705.15946,-1066.964651,-10711.47154,-940.3995497,-10601.46608,-8655.894878,-23216.0441,-13447.5337,-23916.89477,-6616.688082,-9292.168427,,,,,
ARIMA 115,-12690.17542,-10470.2082,-4408.586196,-1314.100822,5131.075785,4739.856099,-9103.429936,-2026.969989,-5973.700595,-10700.59234,-1059.984798,-10698.5382,-939.0664702,-10595.66172,-8640.166183,-23213.4705,-13445.51323,-23918.94813,-6617.197992,-9293.088136,,,,,
ARIMA 115d,-12691.30803,-10483.42226,-4413.456793,-1318.650229,5128.049423,4740.3839,-9111.167797,-2031.797605,-5989.522283,-10703.68291,-1065.365368,-10710.50987,-939.8023843,-10600.51181,-8653.881955,-23214.23789,-13446.08001,-23920.12375,-6615.877864,-9291.582266,,,,,
ARIMA 116,-12689.09001,-10468.21122,-4406.619001,-1319.44251,5129.291077,4743.434846,-9103.001456,-2031.065161,-5976.446202,-10698.59445,-1058.026503,-10697.79302,-937.7069169,-10593.6681,-8638.309109,-23214.07388,-13445.04429,-23916.36051,-6617.608367,-9291.103232,,,,,
ARIMA 116d,-12690.00791,-10481.42824,-4411.456952,-1323.457144,5126.112297,4744.002291,-9109.967617,-2035.240919,-5988.719939,-10701.68759,-1063.342175,-10708.63341,-938.3161766,-10598.5781,-8653.42412,-23215.26926,-13445.64034,-23918.50026,-6616.191609,-9289.594731,,,,,
ARIMA 117,-12702.74658,-10466.27935,-4407.560924,-1319.580797,5126.414954,4745.334203,-9101.491153,-2030.965303,-5972.303414,-10698.70496,-1056.087207,-10695.96789,-935.7492591,-10592.32591,-8638.825112,-23211.82368,-13443.13613,-23915.27922,-6616.141167,-9291.595659,,,,,
ARIMA 117d,-12703.81648,-10479.62449,-4409.457165,-1323.113313,5123.862738,4745.915579,-9108.164491,-2034.677648,-5986.750918,-10701.4593,-1061.348403,-10707.10337,-936.3375139,-10596.9673,-8651.921926,-23212.91346,-13443.71841,-23916.54766,-6614.719094,-9290.125888,,,,,
ARIMA 118,-12702.84823,-10470.11634,-4408.910773,-1322.612138,5128.320691,4743.686972,-9101.73139,-2034.105213,-5972.739182,-10696.7074,-1054.338255,-10694.1036,-934.0167847,-10590.47513,-8637.72175,-23210.03758,-13441.16786,-23917.16602,-6614.141236,-9289.597811,,,,,
ARIMA 118d,-12704.20626,-10484.09651,-4414.502834,-1327.527012,5125.817178,4744.321781,-9109.73187,-2039.230015,-5985.038936,-10699.46631,-1059.829004,-10705.10395,-934.7485729,-10597.48181,-8651.89506,-23211.49024,-13441.75894,-23919.07766,-6612.719063,-9288.126891,,,,,
ARIMA 119,-12700.44349,-10471.97484,-4406.844208,-1320.102243,5130.315847,4742.913863,-9099.860885,-2031.685807,-5971.429077,-10694.73941,-1054.003537,-10693.00053,-932.3474556,-10590.83752,-8635.817655,-23209.67506,-13442.94382,-23914.98585,-6614.559825,-9289.347501,,,,,
ARIMA 119d,-12701.50756,-10482.97486,-4412.43235,-1324.603208,5127.78995,4743.399907,-9107.713298,-2036.411574,-5983.725647,-10697.5665,-1059.567658,-10704.3971,-932.9285983,-10596.52703,-8649.898508,-23210.97521,-13443.4795,-23917.29042,-6613.140418,-9287.824802,,,,,
ARIMA 210,-12697.48963,-10467.25501,-4413.439359,-1312.695126,5138.945064,4736.501987,-9104.110836,-2025.96543,-5978.530423,-10702.37738,-1063.242483,-10702.13542,-940.2892285,-10602.8447,-8644.309203,-23220.19751,-13448.03164,-23919.8015,-6621.116103,-9295.894583,,,,,
ARIMA 210d,-12698.96988,-10475.12749,-4418.029232,-1314.945185,5136.898172,4737.152128,-9111.56225,-2028.3676,-5984.74553,-10704.97018,-1066.962584,-10711.5244,-941.002673,-10607.44628,-8654.615898,-23220.83087,-13447.89558,-23921.08032,-6619.795204,-9294.354337,,,,,
ARIMA 211,-12695.49116,-10466.06684,-4412.26632,-1310.770357,5139.57806,4738.297227,-9102.451559,-2024.115882,-5976.529761,-10700.376,-1064.867641,-10701.65101,-938.9532396,-10600.85905,-8645.029108,-23218.82868,-13446.72335,-23917.79784,-6619.115272,-9293.894008,,,,,
ARIMA 2110,-12709.66238,-10469.91264,-4413.538621,-1317.204364,5132.12728,4745.553004,-9097.113635,-2029.063346,-5980.28313,-10690.74514,-1054.127327,-10689.75874,-928.4931517,-10593.58693,-8633.632832,-23208.10023,-13439.05047,-23911.49786,-6610.583981,-9288.268349,,,,,
ARIMA 2110d,-12700.59534,-10481.46125,-4419.668311,-1322.055353,5124.840546,4745.738436,-9104.846782,-2034.108471,-5981.894,-10693.57353,-1059.282967,-10700.57437,-929.0250522,-10599.07445,-8647.012807,-23209.22111,-13439.5468,-23913.5379,-6609.173931,-9286.740265,,,,,
ARIMA 211d,-12696.9834,-10473.26972,-4417.912368,-1312.964675,5137.626789,4739.095766,-9110.167758,-2026.440151,-5982.745526,-10702.96766,-1075.534493,-10713.40394,-939.5164619,-10605.45078,-8658.92835,-23219.89655,-13446.55421,-23919.07904,-6617.795087,-9292.353872,,,,,
ARIMA 212,-12693.5088,-10469.10976,-4412.604981,-1315.046154,5125.439814,4726.386028,-9106.992232,-2028.600907,-5974.532074,-10698.37768,-1062.962559,-10700.16419,-937.6020767,-10598.8511,-8644.044919,-23217.91858,-13447.3527,-23915.79459,-6618.517489,-9291.890549,,,,,
ARIMA 212d,-12694.97469,-10482.20179,-4418.426002,-1319.864108,5139.76058,4739.800038,-9114.544194,-2033.611407,-5980.745701,-10705.34778,-1073.745897,-10711.7767,-938.1768253,-10603.44351,-8657.851107,-23220.25402,-13447.93077,-23917.08119,-6617.135308,-9290.350716,,,,,
ARIMA 213,-12691.51222,-10467.17595,-4408.2482,-1313.819807,5126.527625,4733.813704,-9104.694607,-2026.943433,-5974.777741,-10700.54585,-1060.828759,-10698.42318,-942.4958731,-10596.97633,-8642.159786,-23215.23899,-13444.14151,-23913.66319,-6619.019454,-9289.899243,,,,,
ARIMA 213d,-12692.98517,-10480.56587,-4414.107308,-1318.580055,5124.599536,4740.947061,-9111.317253,-2031.948256,-5978.746415,-10702.8555,-1071.711476,-10710.39093,-943.1100234,-10601.44467,-8656.191697,-23219.0011,-13444.69001,-23914.9695,-6617.667172,-9288.357481,,,,,
ARIMA 214,-12689.97425,-10471.81444,-4412.038423,-1313.175976,5125.554821,4730.747753,-9105.349414,-2026.442737,-5976.902614,-10715.17758,-1059.141257,-10699.62195,-940.4509296,-10594.95846,-8640.048196,-23213.19812,-13445.42354,-23916.47469,-6627.848403,-9295.514626,,,,,
ARIMA 214d,-12691.33855,-10484.78271,-4416.63817,-1317.897548,5123.448171,4734.080857,-9112.326857,-2031.296356,-5989.525838,-10717.89682,-1069.882176,-10710.79439,-941.095922,-10599.46346,-8654.332509,-23217.78413,-13444.60951,-23918.59138,-6626.543438,-9291.692834,,,,,
ARIMA 215,-12706.99483,-10468.14415,-4406.585784,-1312.716607,5126.128138,4733.834079,-9105.127578,-2024.894156,-5975.130025,-10713.99755,-1057.9539,-10697.90472,-941.7173131,-10600.53495,-8638.181785,-23211.27308,-13443.05014,-23914.96636,-6615.692367,-9292.463599,,,,,
ARIMA 215d,-12708.53469,-10481.31491,-4411.457744,-1315.936096,5123.671182,4742.510862,-9111.43779,-2029.870556,-5987.444862,-10716.51401,-1063.316522,-10709.47375,-942.2722703,-10605.45182,-8651.903992,-23215.79866,-13443.6724,-23916.28097,-6614.372135,-9290.982951,,,,,
ARIMA 216,-12691.06737,-10466.54794,-4404.627506,-1324.490754,5127.822087,4734.441954,-9103.511646,-2036.348539,-5974.393709,-10698.56531,-1056.028862,-10695.85953,-939.7212003,-10599.89656,-8638.664824,-23212.67874,-13442.96463,-23917.13452,-6625.057741,-9290.467521,,,,,
ARIMA 216d,-12700.75043,-10479.74073,-4409.457947,-1327.915519,5125.321357,4734.87906,-9110.118547,-2039.936426,-5986.675117,-10701.42331,-1061.382377,-10707.43147,-940.2787505,-10596.60068,-8652.459135,-23215.1643,-13451.47145,-23919.31476,-6613.491918,-9288.98927,,,,,
ARIMA 217,-12702.98535,-10464.82878,-4414.51784,-1322.199586,5128.357175,4746.705034,-9101.573312,-2034.358487,-5972.454997,-10696.70624,-1054.081287,-10693.79999,-939.3702244,-10597.95387,-8638.505992,-23210.08401,-13442.56167,-23915.22621,-6614.915015,-9298.570984,,,,,
ARIMA 217d,-12704.19854,-10477.89543,-4407.457936,-1326.042064,5125.84219,4747.275576,-9105.979403,-2038.041488,-5984.811147,-10699.4626,-1059.435419,-10705.59414,-940.120928,-10602.38366,-8651.444596,-23211.32743,-13442.74031,-23917.3735,-6613.483464,-9297.063698,,,,,
ARIMA 218,-12700.86211,-10470.40065,-4407.11105,-1320.72417,5130.408542,4739.168552,-9101.489541,-2032.197799,-5971.187111,-10694.70863,-1052.914625,-10692.12318,-932.1470594,-10596.93068,-8637.47323,-23210.00338,-13440.79715,-23915.48996,-6612.92214,-9296.661777,,,,,
ARIMA 218d,-12702.3447,-10484.11227,-4413.221958,-1325.615392,5127.862689,4739.735444,-9108.653008,-2037.32699,-5983.506521,-10697.46965,-1058.458232,-10706.60253,-932.8175912,-10601.79785,-8650.840891,-23210.09172,-13441.3524,-23917.52118,-6611.513901,-9295.163914,,,,,
ARIMA 219,-12698.88062,-10471.4032,-4405.151464,-1318.610322,5130.365695,4743.890906,-9099.027171,-2030.134767,-5969.543301,-10692.73997,-1054.615905,-10690.73859,-948.708859,-10595.55548,-8634.921001,-23206.29417,-13440.75693,-23913.49536,-6612.976979,-9293.785282,,,,,V
ARIMA 219d,-12700.21931,-10483.41829,-4411.224503,-1323.530913,5124.361034,4744.090951,-9106.803721,-2035.589916,-5981.793314,-10695.56794,-1065.104255,-10702.2189,-949.1878157,-10600.74494,-8648.837707,-23210.53281,-13441.62053,-23915.53882,-6611.275663,-9292.239416,,,1,ARIMA 310,-10700.29664
ARIMA 310,-12695.49317,-10465.66825,-4412.176935,-1310.728739,5139.649343,4738.294789,-9106.870933,-2024.033634,-5976.573729,-10701.44954,-1061.962377,-10700.29664,-942.2554488,-10600.90855,-8642.743516,-23219.0781,-13446.40708,-23917.80236,-6621.325947,-9293.898924,,,2,ARIMA 310d,-10709.98101
ARIMA 310d,-12696.99115,-10473.29111,-4417.067185,-1312.951745,5137.807571,4738.912802,-9113.427841,-2026.391745,-5982.745576,-10703.83516,-1065.940535,-10709.98101,-942.7239779,-10605.45492,-8653.531083,-23219.83296,-13446.21736,-23919.09101,-6619.956861,-9292.357384,,,3,ARIMA 311,-10700.01432
ARIMA 311,-12693.494,-10463.99478,-4410.419727,-1308.733296,5141.292351,4738.79117,-9105.451609,-2022.039046,-5974.578182,-10700.77806,-1062.943886,-10700.01432,-940.7876097,-10598.90638,-8643.07599,-23217.07805,-13444.40994,-23915.80031,-6619.527416,-9291.898228,,,,ARIMA 311d,-10717.4789
ARIMA 3110,-12697.09286,-10467.79955,-4405.183851,-1321.019084,5126.811431,4742.254456,-9103.312179,-2032.328234,-5978.173578,-10688.74511,-1056.082544,-10690.0189,-936.1734459,-10591.93972,-8631.876594,-23206.21669,-13436.58374,-23914.47538,-6609.052167,-9286.203731,,,,ARIMA 312,-10698.47966
ARIMA 3110d,-12702.74381,-10479.57052,-4411.344698,-1325.937713,5128.339878,4742.436869,-9109.710302,-2037.456913,-5992.50621,-10691.57761,-1058.452512,-10709.12034,-936.0923381,-10597.57609,-8645.086056,-23207.07514,-13437.10728,-23916.00122,-6607.637797,-9284.668788,,,,ARIMA 312d,-10710.43872
ARIMA 311d,-12694.99278,-10471.63931,-4415.497883,-1310.953757,5139.436085,4738.969149,-9111.761476,-2024.394649,-5980.745694,-10703.23489,-1073.879995,-10717.4789,-941.2910796,-10603.45465,-8657.076415,-23217.83393,-13444.3598,-23917.09374,-6618.164048,-9290.356817,,,,ARIMA 313,-10700.22106
ARIMA 312,-12691.48054,-10467.25211,-4413.783415,-1313.804042,5126.52411,4732.664253,-9104.492352,-2026.968633,-5988.357736,-10699.08856,-1060.869144,-10698.47966,-942.4801765,-10600.86479,-8642.171028,-23215.07179,-13444.18539,-23914.44348,-6619.20143,-9289.897323,,,,ARIMA 313d,-10712.03529
ARIMA 312d,-12692.98635,-10480.50799,-4413.430705,-1318.278584,5124.600062,4740.975285,-9111.384652,-2031.959788,-5978.746297,-10701.42398,-1071.699376,-10710.43872,-943.0728595,-10601.44377,-8656.192776,-23219.63605,-13444.73298,-23916.64219,-6617.94025,-9288.355818,,,,ARIMA 314,-10697.66238
ARIMA 313,-12696.02398,-10473.47921,-4416.209914,-1325.49584,5125.677778,,-9102.953706,-2036.563185,-5976.661236,-10714.48051,-1059.036164,-10700.22106,-942.3243389,-10595.48842,-8640.145608,-23216.04473,-13453.16097,-23922.28065,-6618.294134,-9300.45143,,,,ARIMA 314d,-10709.3008
ARIMA 313d,-12708.31308,-10486.68919,-4420.396181,-1330.350543,5119.776797,,-9109.444118,-2041.606762,-5997.192589,-10716.50559,-1069.864895,-10712.03529,-943.0420289,-10608.65828,-8653.372715,-23218.13387,-13453.21191,-23927.95905,-6616.884211,-9298.966133,,,,ARIMA 315,-10695.90768
ARIMA 314,-12706.52494,-10472.34286,-4409.841302,-1324.075115,5125.317629,4730.257061,-9100.237188,-2032.691361,-5976.331604,-10713.76407,-1056.943677,-10697.66238,-938.495732,-10593.43763,-8638.575298,-23213.82534,-13441.89232,-23911.49519,-6626.396642,-9289.379208,,,,ARIMA 315d,-10707.32013
ARIMA 314d,-12707.70781,-10485.56853,-4414.706658,-1328.880009,5122.460388,4730.894816,-9107.276526,-2037.536407,-5988.553414,-10717.16652,-1067.905059,-10709.3008,-939.1151479,-10608.15164,-8652.358898,-23215.92975,-13442.44895,-23922.14777,-6625.048767,-9296.507712,,,,ARIMA 316,-10693.80626
ARIMA 315,-12696.00874,-10471.34037,-4412.883502,-1322.895279,5128.136504,4731.881365,-9099.44269,-2033.530057,-5974.262117,-10712.56451,-1063.562718,-10695.90768,-939.7168331,-10599.23139,-8636.755065,-23222.13603,-13451.08841,-23918.65067,-6623.860467,-9297.524299,,,,ARIMA 316d,-10704.69667
ARIMA 315d,-12697.22177,-10484.56134,-4417.262368,-1327.680695,5124.691838,4732.472763,-9111.760367,-2038.514285,-5986.567862,-10714.98742,-1070.086444,-10707.32013,-937.1562789,-10603.61573,-8650.42277,-23215.88477,-13451.15926,-23920.08474,-6622.787288,-9296.029398,,,,ARIMA 317,-10694.3635
ARIMA 316,-12703.68516,-10473.0507,-4412.386953,-1324.159734,5130.099366,4741.49971,-9101.828712,-2035.284765,-5986.391842,-10710.63038,-1062.856233,-10693.80626,-937.8082797,-10597.72215,-8634.835642,-23210.91299,-13440.62107,-23915.00175,-6623.064142,-9295.297884,,,,ARIMA 317d,-10705.69022
ARIMA 316d,-12695.24988,-10486.22504,-4417.396449,-1328.776658,5127.270341,4742.158209,-9109.468053,-2040.086254,-5998.718686,-10713.22766,-1063.703331,-10704.69667,-935.1604879,-10607.45748,-8651.116452,-23213.42365,-13441.18916,-23917.9385,-6621.710703,-9294.771255,,,,ARIMA 318,-10694.02343
ARIMA 317,-12700.96629,-10471.08722,-4409.558704,-1322.016553,5130.249503,4734.542764,-9099.624407,-2033.841829,-5980.522787,-10694.70567,-1060.007306,-10694.3635,-937.4992434,-10596.20515,-8637.188996,-23208.11229,-13444.18234,-23913.1655,-6612.313749,-9295.37778,,,,ARIMA 318d,-10701.4544
ARIMA 317d,-12702.17194,-10484.0481,-4414.568681,-1326.677019,5127.697973,4735.235584,-9107.431536,-2038.719722,-5996.744709,-10697.46185,-1077.757182,-10705.69022,-936.5672737,-10600.631,-8651.076155,-23209.3371,-13444.29642,-23915.34826,-6610.892295,-9293.84505,,,,ARIMA 319,-10691.98139
ARIMA 318,-12698.97869,-10468.65573,-4405.810457,-1321.267957,5132.212715,4736.495576,-9097.541257,-2033.44791,-5977.5493,-10692.7111,-1055.150483,-10694.02343,-945.2526194,-10593.95152,-8636.204632,-23214.90732,-13439.80421,-23913.52673,-6610.382217,-9295.962198,,,,ARIMA 319d,-10711.49808
ARIMA 318d,-12700.37894,-10482.29683,-4411.875926,-1326.044616,5125.390884,4737.029401,-9105.620072,-2038.413034,-5994.816631,-10695.46586,-1063.112696,-10701.4544,-943.7591483,-10598.69771,-8648.759622,-23216.60904,-13443.01404,-23915.63916,-6609.299495,-9294.45743,,,,ARIMA 3110,-10690.0189
ARIMA 319,-12697.04025,-10466.46598,-4409.2464,-1319.474437,5132.994578,4741.717597,-9095.72674,-2031.513956,-5980.727215,-10690.74389,-1057.593652,-10691.98139,-932.6217227,-10593.50583,-8642.93174,-23204.29407,-13438.89874,-23911.54202,-6611.446988,-9291.78131,,,,ARIMA 3110d,-10709.12034
ARIMA 319d,-12698.23432,-10480.11169,-4412.73539,-1324.179968,5116.461589,4741.890928,-9103.718403,-2036.456068,-5992.995003,-10693.56614,-1061.691178,-10711.49808,-934.4859604,-10598.83257,-8647.296724,-23211.27653,-13439.47633,-23913.66887,-6609.862085,-9290.247907,,,,,
ARIMA 410,-12693.71117,-10466.12385,-4411.112635,-1309.857028,5139.308085,4739.83622,-9106.014579,-2023.399755,-5977.638283,-10702.96213,-1061.534531,-10700.60026,-941.4972324,-10598.95704,-8642.975141,-23217.0781,-13444.864,-23916.01706,-6619.846364,-9292.151043,,,,,
ARIMA 410d,-12695.13736,-10474.5755,-4416.346158,-1312.310344,5137.169005,4740.406481,-9112.179628,-2026.019624,-5984.59394,-10705.75915,-1065.909464,-10711.23614,-942.1049451,-10603.45885,-8654.803673,-23217.83712,-13444.73993,-23917.38024,-6618.50042,-9290.598935,,,,,
ARIMA 411,-12691.91238,-10472.04635,-4412.409862,-1315.204493,5136.523111,4741.496738,-9104.151052,-2028.492457,-5975.582445,-10701.82045,-1061.690557,-10699.84912,-939.8428176,-10596.96446,-8642.114076,-23215.0781,-13442.86209,-23914.69443,-6618.038235,-9293.328852,,,,,
ARIMA 4110,-12695.53243,-10466.00801,-4407.30184,-1324.370541,5118.016785,4744.337098,-9093.389485,-2034.660087,-5978.222148,-10702.33245,-1051.960992,-10696.18959,-943.832472,-10594.85995,-8631.44224,-23203.71273,-13444.61571,-23915.42536,-6610.370834,-9296.223169,,,,,
ARIMA 4110d,-12699.90254,-10477.60337,-4414.722953,-1329.597413,5114.586286,4744.471479,-9101.403604,-2040.602316,-5990.516089,-10710.09089,-1057.795732,-10701.9776,-925.0366572,-10600.05003,-8642.88973,-23207.74134,-13448.04725,-23913.88689,-6608.946,-9294.783687,,,,,
ARIMA 411d,-12693.16864,-10485.27076,-4417.488699,-1319.953661,5133.670287,4742.020251,-9110.351751,-2033.441123,-5991.393544,-10704.87702,-1067.091512,-10711.59143,-940.5476715,-10601.46127,-8655.829306,-23215.83178,-13442.73899,-23916.91616,-6616.673293,-9291.771008,,,,,
ARIMA 412,-12689.77357,-10472.62282,-4412.069323,-1313.642135,5125.785431,4730.122827,-9105.350033,-2026.833809,-5978.266254,-10715.15826,-1061.288511,-10699.09634,-940.5040095,-10594.9548,-8640.406223,-23215.30888,-13444.29926,-23917.00735,-6627.729749,-9296.042329,,,,,
ARIMA 412d,-12691.19371,-10485.13367,-4416.805767,-1318.369136,5123.777055,4730.743952,-9112.208194,-2031.779973,-5990.561244,-10717.86218,-1069.881895,-10710.33208,-941.1237622,-10599.45653,-8654.328589,-23217.78581,-13445.93682,-23919.24678,-6626.44787,-9294.643944,,,,,
ARIMA 413,-12706.58689,-10470.92062,-4414.445085,-1324.110692,5125.333752,4730.261288,-9104.371356,-2032.935199,-5976.334631,-10713.57378,-1058.428869,-10697.89615,-938.5098919,-10593.46449,-8638.564802,-23213.43174,-13441.97938,-23916.57733,-6626.353185,-9297.729223,,,,,
ARIMA 413d,-12711.00813,-10483.28466,-4414.651547,-1328.910995,5122.517142,4730.894972,-9107.439968,-2037.929243,-6000.469712,-10715.85647,-1067.908289,-10713.51372,-939.1495155,-10609.98318,-8652.351679,-23216.49644,-13442.55534,-23919.71444,-6625.015356,-9287.461912,,,,,
ARIMA 414,-12699.61684,-10473.90175,-4412.783408,-1323.852475,5123.938597,,-9099.633365,-2031.754545,-5988.864595,-10707.70621,-1060.184425,-10697.36641,-936.4833584,-10593.2258,-8637.761775,-23212.65251,-13439.45371,-23915.59407,-6613.178183,-9301.892762,,,,,
ARIMA 414d,-12703.89438,-10487.03076,-4412.411831,-1327.371995,5118.087105,,-9105.423739,-2036.77953,-5987.014137,-10712.8699,-1067.454322,-10714.53968,-937.1457796,-10605.87039,-8654.303467,-23215.18392,-13440.1799,-23919.30763,-6623.007626,-9300.701731,,,,,
ARIMA 415,-12703.22482,-10468.63138,-4404.967978,-1325.445555,5129.133845,4734.674214,-9097.880346,-2032.669402,-5987.472356,-10710.53367,-1061.534748,-10693.91768,-936.8906543,-10597.49401,-8635.837093,-23210.29785,-13438.23515,-23917.16714,-6613.783819,-9301.942617,,,,,
ARIMA 415d,-12707.57195,-10481.87221,-4418.254283,-1326.85123,5120.09242,4734.855594,-9109.891808,-2037.492416,-5998.799315,-10713.24453,-1067.212376,-10713.00823,-935.1718656,-10602.69639,-8652.379852,-23212.76858,-13438.92997,-23919.46388,-6611.80189,-9298.718554,,,,,
ARIMA 416,-12694.75523,-10471.06882,-4405.743514,-1324.203861,5127.777071,4735.874843,-9099.88871,-2035.466709,-5984.550865,-10708.68942,0,-10691.74883,-932.6599721,-10594.44784,-8641.075108,-23208.82275,-13453.12105,-23917.16723,-6617.999368,-9298.773234,,,,,
ARIMA 416d,-12704.21147,-10484.28344,-4415.792959,-1328.927694,5125.084815,4736.445161,-9107.425933,-2040.36527,-5996.820979,-10712.46627,-1066.294676,-10711.73371,-936.2055315,-10605.09181,-8650.40404,-23211.3444,-13454.40097,-23919.57104,-6617.402259,-9297.262747,,,,,
ARIMA 417,-12699.39869,-10469.21034,-4409.300178,-1322.209133,5131.997248,,-9111.38579,-2033.448775,-5982.463477,-10703.93792,-1058.939199,-10692.60425,-934.3875402,-10594.43392,-8644.862664,-23206.95393,-13452.71817,-23915.79628,-6613.99846,-9293.401778,,,,,
ARIMA 417d,-12700.6155,-10482.35235,-4416.045686,-1326.932899,5129.542828,,-9110.218603,-2038.468213,-5994.74905,-10712.76204,-1068.595616,-10701.51404,-937.9117644,-10598.15611,-8649.04031,-23221.7846,-13453.1435,-23917.84931,-6612.583698,-9291.93202,,,,,
ARIMA 418,-12696.96341,-10471.18082,-4405.612306,-1328.427057,5134.221414,4738.486887,-9110.543135,-2041.361905,-5981.123426,-10701.69914,-1057.969779,-10689.15024,-945.0253263,-10593.14492,-8642.959562,-23209.15863,-13447.551,-23914.45061,-6612.002999,-9291.424583,,,,,
ARIMA 418d,-12698.36093,-10481.98865,-4411.789226,-1332.525935,5127.065034,4739.023683,-9111.161879,-2043.3717,-5993.141176,-10706.99097,-1063.57858,-10711.52806,-936.9092672,-10604.94432,-8647.251278,-23207.29432,-13446.9155,-23916.39471,-6610.619132,-9289.928637,,,,,
ARIMA 419,-12695.01572,-10473.74217,-4408.054391,-1325.898908,5119.310147,4742.282297,-9101.318311,-2037.126289,-5970.514679,-10700.06302,-1056.543747,-10695.55634,-931.3936748,-10592.19226,-8643.649658,-23205.80015,-13451.8478,-23909.48256,-6610.046332,-9289.748449,,,,,
ARIMA 419d,-12696.41175,-10483.27284,-4414.332708,-1329.763891,5117.842154,4742.482302,-9108.277845,-2041.735946,-5991.695054,-10709.16681,-1059.788268,-10704.05652,-935.0931094,-10597.89767,-8650.835195,-23206.75454,-13445.65267,-23911.54561,-6608.665641,-9288.279903,,,,,
ARIMA 510,-12692.32047,-10469.70579,-4410.588417,-1314.78798,5129.025403,4740.48021,-9104.535522,-2027.401632,-5975.65583,-10702.3167,-1061.708112,-10701.07372,-940.6266624,-10597.75344,-8641.996196,-23215.0859,-13443.07366,-23916.75597,-6618.823683,-9295.387971,,,,,
ARIMA 510d,-12693.88969,-10479.5083,-4415.451537,-1317.852811,5126.124251,4740.966928,-9111.036686,-2030.610479,-5982.718339,-10705.39431,-1066.576795,-10712.77329,-941.3788351,-10602.56681,-8654.609744,-23215.83781,-13442.99595,-23917.88972,-6617.510256,-9293.887262,,,,,
ARIMA 511,-12690.44217,-10471.42901,-4408.589452,-1313.429329,5130.956412,4740.109583,-9103.90952,-2027.220034,-5977.353961,-10700.31714,-1060.178053,-10699.03435,-939.2093853,-10595.75135,-8640.220815,-23213.08395,-13445.81162,-23919.73331,-6617.158761,-9293.780736,,,,,
ARIMA 5110,-12704.46527,-10471.43295,-4411.217619,-1324.960564,5120.322879,4746.201272,-9099.376541,-2035.185971,-5986.078841,-10696.89222,-1052.569179,-10693.87428,-928.5765928,-10592.846,-8633.353027,-23201.51276,-13441.13732,-23912.07931,-6617.047498,-9302.72429,,,,,
ARIMA 5110d,-12706.18465,-10483.45216,-4416.534249,-1329.330185,5121.111431,4746.388115,-9110.62451,-2039.778856,-5988.523838,-10701.93077,-1057.739237,-10704.18986,-940.5269837,-10597.99695,-8646.055759,-23201.82811,-13441.30296,-23916.70571,-6618.345602,-9301.216935,,,,,
ARIMA 511d,-12692.00445,-10484.53741,-4413.451921,-1318.862745,5128.005805,4740.63886,-9111.857631,-2032.108205,-5989.623804,-10703.3963,-1065.498573,-10710.79467,-939.9347334,-10600.55938,-8653.830364,-23213.83722,-13446.38458,-23920.92779,-6615.841586,-9292.262704,,,,,
ARIMA 512,-12706.97021,-10469.36957,-4406.592105,-1312.476438,5126.815328,4741.866204,-9101.266934,-2024.880633,-5976.301011,-10714.03159,-1058.178369,-10698.05597,-938.5294324,-10600.72208,-8638.488519,-23213.4413,-13452.99811,-23920.75486,-6615.531669,-9292.323277,,,,,
ARIMA 512d,-12708.54063,-10482.4863,-4411.45302,-1315.304707,5124.560976,4742.41778,-9107.832722,-2027.789227,-5988.6142,-10716.5455,-1063.444102,-10708.83485,-939.170213,-10605.61476,-8652.372034,-23215.91888,-13453.38682,-23921.94583,-6614.210641,-9290.834822,,,,,
ARIMA 513,-12695.72071,-10471.60586,-4413.20853,-1323.025961,5127.491645,4731.905395,-9102.762042,-2033.612192,-5977.558914,-10712.64781,-1057.33378,-10695.73102,-936.537419,-10598.75038,-8636.779374,-23213.37097,-13450.68201,-23924.67747,-6620.421103,-9297.367183,,,,,
ARIMA 513d,-12706.36816,-10484.80895,-4417.650459,-1327.798143,5124.974744,4732.501884,-9109.153777,-2038.586192,-5986.801491,-10715.23041,-1064.815341,-10706.90088,-937.1659688,-10603.7991,-8650.413989,-23215.83042,-13451.14188,-23922.88799,-6612.061103,-9295.862059,,,,,
ARIMA 514,-12715.94151,-10468.70022,-4405.78484,-1325.438452,5125.963104,4734.691607,-9101.407247,-2032.729666,-5988.419325,-10710.57957,-1055.281843,-10694.24726,-934.4935938,-10594.56394,-8644.179128,-23211.28714,-13448.83372,-23928.47858,-6612.043276,-9301.711624,,,,,
ARIMA 514d,-12704.29167,-10481.94658,-4419.047864,-1329.16593,5120.212683,4734.874224,-9115.360623,-2037.350936,-5998.768012,-10713.04006,-1070.408705,-10705.77009,-935.1853661,-10601.11417,-8658.063953,-23213.45351,-13448.87438,-23930.56391,-6612.418551,-9300.392249,,,,,
ARIMA 515,-12704.39973,-10474.49953,-4403.958385,-1324.534309,5117.418193,4736.254543,-9099.420968,-2037.580848,-5986.08382,-10708.63262,-1060.723105,-10693.74114,-932.3854249,-10597.78583,-8636.760584,-23208.71615,-13447.25366,-23920.67248,-6628.818372,-9300.688815,,,,,
ARIMA 515d,-12700.25437,-10483.77013,-4415.54228,-1328.257304,5121.709506,4736.592741,-9105.698072,-2039.187712,-5997.804737,-10711.13922,-1065.279781,-10704.38408,-933.1783662,-10605.2978,-8656.249949,-23213.16774,-13453.75886,-23919.83782,-6623.105083,-9295.393082,,,,,
ARIMA 516,-12702.18201,-10471.31929,-4400.990856,-1322.093858,5123.016223,4736.4667,-9109.524591,-2033.188566,-5983.911239,-10706.70374,-1059.619088,-10692.19499,-930.5774819,-10590.76667,-8632.371845,-23215.23548,-13447.04032,-23924.75505,-6627.700458,-9302.34061,,,,,
ARIMA 516d,-12703.87366,-10483.15221,-4416.464055,-1326.832236,5117.070544,4735.881758,-9115.367039,-2038.706628,-5995.961384,-10705.85348,-1064.410025,-10702.50401,-938.4436275,-10602.8671,-8647.049227,-23217.95769,-13446.71098,-23926.29401,-6630.333599,-9300.772413,,,,,
ARIMA 517,-12697.56191,-10469.9095,-4399.859034,-1319.028641,5129.879527,4748.895932,-9096.135855,-2031.030525,-5984.285652,-10705.68559,-1066.184101,-10697.71392,-934.911035,-10594.96785,-8633.35424,-23215.67005,-13448.6586,-23924.17273,-6620.407367,-9301.561729,,,,,
ARIMA 517d,-12698.82896,-10481.15072,-4416.377407,-1323.761365,5123.027843,4749.734886,-9116.461284,-2035.910256,-5994.13364,-10710.69601,-1068.197147,-10703.55868,-938.5842729,-10609.0817,-8650.23155,-23217.08514,-13449.15173,-23926.27224,-6619.060244,-9300.0742,,,,,
ARIMA 518,-12695.62317,-10475.24931,-4412.16346,-1326.424986,5133.075464,,-9095.719199,-2036.963121,-5982.370197,-10703.8066,-1057.114314,-10690.44065,-932.1372383,-10593.58363,-8637.541082,-23218.35671,-13447.30972,-23922.30236,-6619.293686,-9299.840961,,,,,
ARIMA 518d,-12696.75135,-10485.7902,-4418.36338,-1330.580915,5124.912219,,-9103.656552,-2039.372303,-5992.095531,-10708.83331,-1062.167859,-10699.79704,-935.2273837,-10606.36783,-8649.514897,-23221.32007,-13447.66094,-23924.4249,-6617.766057,-9298.2512,,,,,
ARIMA 519,-12698.68436,-10472.04627,-4410.894402,-1324.551341,5118.414499,4744.204039,-9093.937174,-2035.17773,-5980.238428,-10702.62432,-1055.669004,-10688.63858,-930.1714102,-10590.19197,-8635.671856,-23210.01613,-13444.16603,-23920.33934,-6608.098214,-9289.302285,,,,,
ARIMA 519d,-12694.83741,-10483.2414,-4417.048034,-1328.526743,5109.819574,4744.396301,-9101.783894,-2039.316822,-5990.085565,-10707.69723,-1059.734526,-10699.62711,-935.6219383,-10596.03153,-8648.889292,-23213.03565,-13450.62442,-23924.2697,-6606.477003,-9296.653755,,,,,
ARIMA 610,-12691.38577,-10469.41791,-4408.636352,-1313.959133,5130.850607,4741.55529,-9104.306818,-2026.559274,-5975.323901,-10700.32252,-1060.100454,-10699.09243,-939.8740201,-10595.75517,-8640.494544,-23215.47926,-13444.26027,-23917.06803,-6617.913352,-9293.455294,,,,,
ARIMA 610d,-12692.78761,-10480.09253,-4413.455231,-1317.308336,5127.837685,4742.106608,-9111.427476,-2030.059379,-5983.022125,-10703.43178,-1065.205905,-10710.80777,-940.4869922,-10600.60939,-8653.72864,-23216.43722,-13444.36458,-23918.42189,-6616.568306,-9291.948781,,,,,
ARIMA 611,-12690.65417,-10467.43032,-4406.636491,-1317.292298,5128.516333,4743.407245,-9103.606208,-2029.335581,-5976.57521,-10698.32192,-1058.100124,-10697.10379,-937.9264853,-10593.7566,-8640.250794,-23213.9338,-13445.8631,-23918.02058,-6617.422795,-9291.462997,,,,,
ARIMA 6110,-12702.73983,-10469.51504,-4403.393889,-1324.280287,5128.44009,4739.591559,-9095.860638,-2037.49649,-5978.744607,-10690.38279,-1050.64255,-10691.95128,-930.846645,-10590.47429,-8631.844248,-23208.39909,-13443.44755,-23915.46946,-6622.297089,-9304.665133,,,,,
ARIMA 6110d,-12701.90426,-10481.84884,-4410.165133,-1328.532148,5123.259852,4747.982577,-9103.459621,-2039.313096,-5991.032005,-10705.67264,-1059.76587,-10704.77209,-934.4092558,-10596.19557,-8645.481305,-23205.5978,-13442.18086,-23916.58561,-6620.195067,-9299.090983,,,,,
ARIMA 611d,-12691.87162,-10482.53817,-4411.45513,-1320.644105,5125.421238,4743.980666,-9110.564101,-2032.832141,-5988.809896,-10701.43125,-1063.510083,-10708.79802,-938.5159768,-10598.6139,-8653.38324,-23215.06476,-13446.44931,-23919.30694,-6615.996945,-9289.956139,,,,,
ARIMA 612,-12705.06278,-10467.88912,-4404.630648,-1323.911765,5127.967512,4733.738697,-9101.216649,-2035.998059,-5974.563452,-10698.02645,-1056.188354,-10698.11092,-936.0759316,-10597.11829,-8639.351199,-23211.87507,-13443.87914,-23917.87053,-6616.139373,-9290.33335,,,,,
ARIMA 612d,-12706.60985,-10480.96037,-4409.454088,-1326.877071,5125.097236,4734.301589,-9109.249463,-2039.125919,-5986.822102,-10701.09017,-1061.510359,-10709.34248,-937.1707937,-10604.79386,-8652.068756,-23215.22435,-13444.46263,-23920.04286,-6614.869582,-9288.842623,,,,,
ARIMA 613,-12703.17413,-10469.644,-4412.5823,-1323.778395,5129.907975,4741.536451,-9102.312511,-2034.905133,-5986.550618,-10710.60467,-1062.988618,-10696.37602,-934.5314367,-10598.27002,-8639.338646,-23211.36955,-13448.99962,-23924.06585,-6621.570481,-9295.343016,,,,,
ARIMA 613d,-12704.68997,-10482.80592,-4417.5335,-1328.448313,5127.788579,4742.184872,-9110.141001,-2039.772734,-5998.824102,-10713.17887,-1068.600273,-10708.12237,-935.1708613,-10612.04731,-8652.404638,-23215.04036,-13449.393,-23925.09611,-6623.914117,-9293.63863,,,,,
ARIMA 614,-12701.45396,-10471.6425,-4412.582132,-1324.297787,5130.54126,4735.887688,-9100.33421,-2035.610284,-5972.29146,-10708.75566,-1053.434459,-10692.19672,-932.54887,-10595.53954,-8636.98392,-23223.3151,-13449.55216,-23924.99213,-6624.720485,-9300.731839,,,,,
ARIMA 614d,-12705.81034,-10484.57383,-4417.275667,-1329.011327,5125.157712,4736.422166,-9108.061836,-2040.505659,-5984.454765,-10711.44869,-1065.262188,-10703.72273,-933.1789762,-10605.2164,-8650.337072,-23224.00899,-13449.49047,-23924.20212,-6623.663448,-9301.495398,,,,,
ARIMA 615,-12698.4634,-10471.44273,-4410.693712,-1322.232047,5126.728827,4736.310868,-9101.616969,-2033.276894,-5985.586734,-10702.04644,-1059.583655,-10691.7771,-936.919972,-10593.31425,-8634.145418,-23210.36762,-13448.17681,-23924.80129,-6627.910805,-9306.108436,,,,,
ARIMA 615d,-12700.07511,-10483.19542,-4416.519794,-1326.660134,5123.437596,4736.15952,-9112.21769,-2037.919972,-5995.998206,-10712.19259,-1064.343141,-10702.442,-931.2338665,-10603.47969,-8647.338837,-23219.10058,-13448.43056,-23919.06212,-6630.388251,-9304.817012,,,,,
ARIMA 616,-12702.42076,-10474.24413,-4406.114597,-1324.239117,5119.864838,4738.918628,-9103.590587,-2031.403295,-5982.239508,-10709.62037,-1059.251544,-10698.39933,-928.6078347,-10590.76701,-8639.424739,-23218.54251,-13445.60085,-23918.12751,-6627.432209,-9303.431962,,,,,
ARIMA 616d,-12704.27967,-10481.37416,-4412.791016,-1332.533921,5110.385774,4738.885335,-9112.376815,-2041.50672,-5994.017942,-10711.58675,-1062.220787,-10709.46292,-932.1518544,-10606.38744,-8652.197015,-23222.74622,-13445.92047,-23915.55643,-6628.367746,-9296.483157,,,,,
ARIMA 617,-12700.57883,-10470.03441,-4406.027552,-1323.530058,5123.127871,4742.545558,-9101.779272,-2033.052666,-5980.395887,-10708.40201,-1060.393822,-10692.59529,-926.6054367,-10597.14389,-8642.58229,-23219.34081,-13453.65113,-23920.85805,-6629.736882,-9301.017541,,,,,
ARIMA 617d,-12704.66502,-10479.22136,-4411.04092,-1333.114679,5116.647229,4740.013858,-9109.517944,-2043.431611,-5992.128642,-10711.11519,-1062.925507,-10707.12019,-927.2426157,-10606.01609,-8648.249798,-23221.82967,-13453.82152,-23922.10544,-6628.510176,-9299.577344,,,,,
ARIMA 618,-12704.26791,-10466.45439,-4406.225122,-1316.429469,5129.641954,4744.463388,-9097.363135,-2027.810097,-5980.480313,-10699.19367,-1054.993435,-10695.03914,-933.3848599,-10592.77344,-8640.383802,-23217.3954,-13442.07807,-23915.88731,-6623.532831,-9298.828185,,,,,
ARIMA 618d,-12705.65208,-10478.80484,-4411.872481,-1327.124005,5118.813468,4742.375545,-9107.521727,-2032.768485,-5990.134722,-10709.17096,-1057.552307,-10698.68668,-933.3595559,-10605.22897,-8645.967788,-23219.94215,-13441.86348,-23922.90047,-6626.104576,-9297.263658,,,,,
ARIMA 619,-12699.22414,-10467.22561,-4408.282487,-1314.600634,5133.581662,4746.395434,-9099.453437,-2032.993878,-5974.904778,-10688.76354,-1051.499817,-10686.99769,-931.6034213,-10591.06492,-8633.112431,-23215.56726,-13460.88289,-23914.17081,-6622.111436,-9296.834722,,,,,
ARIMA 619d,-12699.69412,-10484.21925,-4410.396298,-1319.395235,5115.704646,4746.614472,-9107.526588,-2037.777866,-5990.441126,-10708.12421,-1059.705021,-10705.90541,-938.6100602,-10600.8483,-8643.574167,-23207.64012,-13448.39488,-23916.25629,-6616.273943,-9295.163371,,,,,
ARIMA 710,-12696.68822,-10467.44749,-4406.691211,-1315.15015,5125.488591,4743.310373,-9103.094864,-2027.390148,-5973.671735,-10700.38212,-1058.101728,-10697.87937,-937.9630781,-10594.42049,-8639.624424,-23213.73823,-13443.54364,-23915.63546,-6617.121249,-9293.092852,,,,,
ARIMA 710d,-12697.67327,-10478.32345,-4411.461194,-1318.074126,5123.065053,4743.893256,-9109.876579,-2030.478524,-5981.710712,-10703.17734,-1063.248625,-10709.13468,-938.542593,-10599.03714,-8652.235729,-23214.76839,-13443.77325,-23916.88621,-6615.743361,-9291.615187,,,,,
ARIMA 711,-12702.42376,-10467.58104,-4407.916682,-1317.696923,5126.726561,4745.300898,-9101.882628,-2029.595967,-5971.668291,-10698.38235,-1056.101235,-10695.90723,-935.9669655,-10592.43026,-8638.975271,-23211.82563,-13443.90808,-23916.19683,-6615.108652,-9291.097158,,,,,
ARIMA 7110,-12713.782,-10468.70393,-4413.31635,-1323.994918,5113.626507,4741.224813,-9102.379476,-2030.191617,-5977.25811,-10701.10232,-1048.803155,-10692.60362,-934.8530708,-10588.80249,-8632.4583,-23203.34895,-13448.51982,-23908.62016,-6619.635349,-9288.704075,,,,,
ARIMA 7110d,-12714.83854,-10481.54511,-4406.68618,-1326.497535,5112.49345,4737.962445,-9108.691369,-2036.564587,-5988.990566,-10709.19907,-1061.17711,-10702.1145,-935.0850052,-10602.61147,-8646.237078,-23205.75991,-13454.20408,-23916.63067,-6616.824238,-9295.694373,,,,,
ARIMA 711d,-12703.5038,-10480.75657,-4409.459848,-1320.660628,5124.143497,4745.886147,-9108.660453,-2032.71111,-5986.811204,-10701.1767,-1061.509754,-10707.13541,-936.5457499,-10597.04778,-8651.622914,-23212.88862,-13444.51315,-23917.42259,-6613.731671,-9289.619124,,,,,
ARIMA 712,-12703.66773,-10466.17085,-4411.700968,-1321.916972,5128.556974,4746.405265,-9099.613929,-2034.016118,-5972.595725,-10696.38199,-1054.222544,-10694.04812,-934.5151956,-10598.35167,-8636.471952,-23209.94228,-13442.87677,-23915.94379,-6614.369597,-9298.756097,,,,,
ARIMA 712d,-12704.90951,-10479.22305,-4407.457249,-1324.879921,5126.05753,4746.328735,-9107.685627,-2037.124912,-5984.826026,-10699.41287,-1059.530766,-10708.61743,-935.1783777,-10602.79518,-8649.457657,-23211.03167,-13443.46314,-23918.09706,-6612.936979,-9297.255909,,,,,
ARIMA 713,-12701.75714,-10471.81212,-4410.626571,-1322.31817,5130.552121,4734.695814,-9100.295637,-2034.344967,-5984.580021,-10694.539,-1061.669801,-10694.18439,-932.1494982,-10596.56071,-8635.33749,-23207.06444,-13446.36346,-23913.50968,-6614.033842,-9298.364659,,,,,
ARIMA 713d,-12702.92794,-10484.97939,-4413.291952,-1326.988134,5128.049813,4735.223639,-9108.142581,-2039.216255,-5996.84594,-10697.34001,-1072.22692,-10705.71184,-932.7009419,-10600.91794,-8649.23634,-23210.24387,-13441.79382,-23916.37406,-6612.629932,-9296.850831,,,,,
ARIMA 714,-12700.5341,-10469.77087,-4406.940588,-1322.297511,5132.449606,,-9098.290306,-2033.832102,-5982.55847,-10707.10098,-1066.638299,-10693.52095,-934.1462493,-10594.78051,-8634.883367,-23213.15947,-13448.41755,-23923.67923,-6613.89468,-9293.68835,,,,,
ARIMA 714d,-12701.75967,-10482.91804,-4415.701588,-1326.966346,5129.933345,,-9106.181249,-2038.742234,-5994.829479,-10701.27587,-1066.732775,-10711.87123,-930.6126125,-10606.20103,-8648.959141,-23214.17517,-13453.05686,-23914.72451,-6612.475059,-9294.839648,,,,,
ARIMA 715,-12698.66003,-10469.8839,-4410.052933,-1320.339138,5131.333653,4744.140545,-9101.213183,-2031.68012,-5982.186833,-10710.06235,-1057.585747,-10695.99983,-931.4013733,-10597.92645,-8633.011631,-23209.37622,-13447.81847,-23922.06721,-6620.290305,-9301.56265,,,,,
ARIMA 715d,-12699.91551,-10481.2555,-4415.655182,-1325.038393,5120.690474,4741.970039,-9111.165108,-2036.708998,-5993.936171,-10717.91503,-1066.585877,-10703.91276,-929.2245537,-10608.25296,-8647.086339,-23215.01269,-13448.26734,-23927.82236,-6610.596862,-9299.083965,,,,,
ARIMA 716,-12700.12769,-10469.94415,-4404.438307,-1322.961358,5129.863047,4738.944765,-9101.68648,-2031.054673,-5977.687003,-10706.29413,-1057.254515,-10696.28207,-930.1645815,-10597.25885,-8644.745754,-23207.21974,,-23921.45119,-6610.226598,-9298.285007,,,,,
ARIMA 716d,-12706.11946,-10479.33902,-4414.606576,-1328.615349,5122.464166,4739.743803,-9110.384716,-2038.765621,-5989.458547,-10711.17588,-1062.073313,-10703.01068,-933.7823938,-10606.40323,-8648.557592,-23221.00786,,-23928.01543,-6608.13502,-9296.918597,,,,,
ARIMA 717,-12710.16048,-10473.61981,,-1323.253698,5120.661339,4744.614017,-9106.039872,-2034.352187,-5982.062394,-10710.01434,-1055.126298,-10695.59082,-931.0089845,-10598.57276,-8635.25807,-23206.00868,-13444.30967,-23919.89539,-6630.977488,-9296.340956,,,,,
ARIMA 717d,-12720.85871,-10480.02721,-4416.415871,-1333.606946,5113.680665,4729.32506,-9114.675017,-2041.880768,-5991.91812,-10709.32184,-1060.162126,-10704.00124,-931.5689317,-10605.61344,-8645.460938,-23211.44362,-13439.02111,-23926.01662,-6629.571491,-9294.72466,,,,,
ARIMA 718,-12701.92728,-10469.88702,-4409.969662,-1324.427195,5116.735931,,-9095.383343,-2036.328666,-5981.79855,-10704.27471,-1052.225527,-10692.71241,-922.5735384,-10595.15427,-8636.291978,-23205.6262,-13439.92089,-23917.85201,-6630.877942,-9300.89328,,,,,
ARIMA 718d,-12703.77868,-10483.01317,-4415.851138,-1326.48352,5120.392131,,-9112.677908,-2039.552422,-5992.062358,-10706.304,-1057.056052,-10707.31342,-931.7402729,-10604.15928,-8650.292406,-23220.24623,-13439.39813,-23920.38663,-6629.453405,-9295.761789,,,,,
ARIMA 719,-12714.89326,-10474.35746,-4408.147369,-1323.2747,5119.043834,4748.194919,-9104.459107,-2035.678563,-5979.008077,-10702.21752,-1052.79946,-10692.51394,-926.5871355,-10594.13542,-8635.724531,-23216.50991,-13454.94205,-23915.89134,-6629.31559,-9298.397765,,,,,
ARIMA 719d,-12715.8362,-10482.4788,-4413.894109,-1326.535279,5119.891462,4747.820744,-9111.91888,-2039.783673,-5990.693986,-10711.36015,-1060.747475,-10699.92411,-937.1237072,-10601.87297,-8650.683006,-23215.11529,-13449.48724,-23918.4309,-6627.902377,-9297.022554,,,,,
ARIMA 810,-12704.02549,-10474.04725,-4410.138551,-1322.443797,5127.044543,4745.211079,-9103.930642,-2034.807578,-5972.058598,-10698.3831,-1056.780403,-10696.02591,-936.1688198,-10592.54718,-8640.459018,-23212.23024,-13442.11339,-23919.6845,-6615.294547,-9291.123009,,,,,
ARIMA 810d,-12705.52065,-10486.99351,-4415.702743,-1326.167103,5124.470115,4745.812728,-9111.506702,-2038.730128,-5980.465111,-10701.18367,-1062.249235,-10707.14041,-936.8103849,-10597.30304,-8654.407131,-23213.36066,-13442.4315,-23921.30921,-6613.905466,-9289.641317,,,,,
ARIMA 811,-12703.02726,-10472.51138,-4408.475427,-1321.592834,5128.595751,4743.74543,-9102.453741,-2033.916351,-5972.937371,-10696.5131,-1054.778219,-10694.00357,-934.0039108,-10590.53168,-8638.452669,-23210.23046,-13442.19162,-23918.09814,-6613.751923,-9289.118294,,,,,
ARIMA 8110,-12712.20404,-10472.81614,,-1323.41226,5123.10388,4749.720307,-9096.979968,-2036.125572,-5980.53787,-10700.76691,-1056.769853,-10681.15422,-939.3777584,-10598.59115,-8634.191638,-23205.00182,-13447.29976,-23918.71329,-6617.247756,-9296.614925,,,,,
ARIMA 8110d,-12709.92177,-10480.39435,,-1326.898781,5121.439951,4746.431907,-9107.831107,-2040.626433,-5989.372163,-10703.04602,-1061.6847,-10698.34946,-927.1534976,-10605.28452,-8641.925409,-23204.379,-13454.44783,-23920.35705,-6615.866639,-9294.46529,,,,,
ARIMA 811d,-12704.41125,-10486.0571,-4413.870769,-1326.478879,5126.066347,4744.377226,-9110.74236,-2039.007902,-5985.162915,-10699.28333,-1060.324364,-10705.13537,-934.7949815,-10597.52583,-8652.490403,-23211.36143,-13442.63971,-23919.92211,-6612.340097,-9287.637027,,,,,
ARIMA 812,-12696.01387,-10472.59245,-4407.19809,-1320.802729,5130.555643,4738.764808,-9100.314776,-2032.974164,-5970.602005,-10694.3546,-1059.042776,-10691.99647,-938.3153687,-10597.24354,-8637.571254,-23214.47369,-13447.64393,-23916.68373,-6612.380813,-9296.776473,,,,,
ARIMA 812d,-12702.33759,-10485.63643,-4413.367628,-1325.70234,5128.055418,4739.347561,-9108.742658,-2038.083391,-5982.843246,-10697.31667,-1063.746553,-10703.64176,-932.8159994,-10602.04053,-8651.376811,-23215.43482,-13447.81201,-23918.73818,-6610.386233,-9295.279764,,,,,
ARIMA 813,-12699.81633,-10470.7951,-4411.466137,-1322.102464,5131.794555,4736.636584,-9099.786158,-2034.361313,-5969.970347,-10693.63037,-1056.249548,-10696.5341,-936.4285234,-10594.78814,-8635.638842,-23210.64685,-13445.58985,-23922.27238,-6612.080046,-9296.336563,,,,,
ARIMA 813d,-12703.96237,-10483.64909,-4417.469743,-1326.869108,5129.553497,4737.181612,-9107.964747,-2039.343501,-5995.059302,-10698.72253,-1062.713658,-10712.51826,-932.6007338,-10601.289,-8649.358792,-23213.90502,-13445.92525,-23916.73682,-6609.119895,-9294.667951,,,,,
ARIMA 814,-12700.58709,-10471.32843,-4405.886558,-1328.161044,5133.956349,4741.235085,-9097.737516,-2039.03837,-5980.823397,-10691.40697,-1054.03325,-10700.95453,-934.0213644,-10589.76844,-8633.622582,-23215.5269,-13443.75862,-23919.33581,-6623.345786,-9294.267447,,,,,
ARIMA 814d,-12704.94639,-10482.89324,-4411.719551,-1331.621286,5130.512542,4739.129929,-9106.458766,-2042.774234,-5990.549093,-10696.26791,-1059.715209,-10714.44558,-929.17928,-10599.43793,-8647.452806,-23216.06268,-13444.28132,-23922.41099,-6610.982946,-9292.869536,,,,,
ARIMA 815,-12702.03634,-10472.32309,-4412.548927,-1326.23356,5129.002074,4747.683418,-9104.663929,-2036.977215,-5980.264146,-10704.00425,-1057.736055,-10690.33025,-932.6981714,-10597.52569,-8637.846213,-23220.95386,-13442.27675,-23922.05101,-6625.418243,-9298.518204,,,,,
ARIMA 815d,-12703.86636,-10485.16529,-4418.414858,-1327.41238,5127.587983,4750.542918,-9109.185508,-2041.834369,-5992.047882,-10709.05341,-1062.655787,-10709.52713,-937.8834513,-10606.65569,-8645.774958,-23224.94424,-13449.25453,-23924.34574,-6624.136454,-9297.039202,,,,,
ARIMA 816,-12707.43581,-10466.04024,-4406.524239,-1325.851015,5131.11987,4740.488567,-9108.202365,-2028.337726,-5975.886186,-10692.6763,-1053.468184,-10695.37982,-932.0331203,-10598.28545,-8635.187553,-23215.11607,-13440.84518,-23920.25502,-6621.013876,-9297.97813,,,,,
ARIMA 816d,-12708.28071,-10485.30685,-4416.825866,-1330.300033,5123.120321,4742.991766,-9106.924145,-2033.283393,-5989.797669,-10710.70687,-1057.748421,-10707.19749,-929.8552895,-10604.40103,-8645.522288,-23217.32969,-13454.56966,-23921.85339,-6606.84453,-9298.849627,,,,,
ARIMA 817,-12709.26513,-10470.27635,-4406.678271,-1324.65314,,,-9096.387039,-2036.196091,-5982.125401,,-1054.30662,-10692.92623,-922.5365609,-10597.0271,-8632.934127,-23209.49219,-13444.17192,-23917.79003,-6630.89243,-9303.013925,,,,,
ARIMA 817d,-12704.17261,-10485.42435,-4411.680432,-1328.330146,,,-9105.371433,-2040.033092,-5992.174354,,-1060.704329,-10707.55427,-923.1787638,-10605.88291,-8655.395516,-23211.61464,-13441.06274,-23920.15328,-6629.36846,-9302.425277,,,,,
ARIMA 818,-12707.07786,-10481.62658,-4408.244906,-1323.299311,5123.839163,4740.48177,-9102.066777,-2035.152309,-5981.133429,-10708.3315,-1065.192482,-10684.00091,-926.5887661,-10595.3678,-8632.906197,-23207.58794,-13447.05223,-23918.71064,-6629.919405,-9301.79562,,,,,
ARIMA 818d,-12708.29537,-10483.59717,-4413.560116,-1326.816906,5116.042148,4740.965281,-9111.140535,-2038.344572,-5990.602218,-10707.03202,-1059.435464,-10703.16887,-931.4387987,-10604.23935,-8652.098666,-23216.0256,-13446.32059,-23920.12365,-6628.363884,-9300.495165,,,,,
ARIMA 819,-12707.73454,-10467.34548,-4405.884121,-1321.801681,5122.765722,4740.789077,-9102.725851,-2035.484377,-5977.315212,-10701.47467,-1068.726266,-10686.34689,-934.11662,-10592.93588,-8640.316737,-23211.63372,-13455.68121,-23915.10922,-6625.480075,-9296.610989,,,,,
ARIMA 819d,-12706.44307,-10481.66559,-4411.756458,-1325.343411,5115.310311,4740.910942,-9115.079742,-2036.480868,-5988.448018,-10708.85152,-1068.525086,-10695.95572,-935.4590741,-10606.26889,-8647.202477,-23209.12799,-13455.98592,-23918.99675,-6625.526885,-9295.599635,,,,,
ARIMA 910,-12702.94641,-10472.92867,-4408.363628,-1320.484287,5128.61212,4741.394372,-9102.579983,-2032.889169,-5970.74305,-10696.38904,-1054.900391,-10694.52219,-934.3377672,-10592.30706,-8638.459085,-23210.23139,-13443.89046,-23917.87712,-6615.22998,-9290.954165,,,,,
ARIMA 910d,-12704.28435,-10486.70195,-4413.793228,-1324.283489,5126.16677,4741.842642,-9110.593923,-2036.91588,-5979.636365,-10699.21873,-1060.527341,-10706.17434,-934.9315339,-10597.53095,-8652.556557,-23211.37157,-13444.43814,-23919.57697,-6613.80272,-9289.441857,,,,,
ARIMA 911,-12701.05044,-10471.32515,-4406.36345,-1318.480274,5130.505759,4742.124892,-9101.804643,-2030.886084,-5971.435241,-10694.38334,-1054.558174,-10693.06523,-932.1786988,-10591.02396,-8636.459818,-23209.62084,-13441.90414,-23915.89907,-6614.191449,-9289.679064,,,,,
ARIMA 9110,-12710.40682,-10469.58916,-4414.505352,-1324.776377,5111.71221,,-9103.540347,-2034.192582,,-10693.36912,,-10682.63456,-937.2098888,-10589.86197,-8637.094293,-23201.9379,-13452.2368,-23910.95414,-6624.244203,-9293.143112,,,,,
ARIMA 9110d,-12714.73385,-10481.54281,-4410.817138,-1328.511249,5108.437902,,-9113.340997,-2038.956564,,-10698.6224,,-10701.93737,-937.3490594,-10594.96143,-8638.579544,-23204.11675,-13453.28892,-23908.7246,-6620.564568,-9291.749808,,,,,
ARIMA 911d,-12702.39741,-10484.94805,-4411.947733,-1325.238468,5128.034035,4742.621251,-9109.429206,-2037.750865,-5983.597106,-10697.1925,-1060.113174,-10704.60474,-932.8120509,-10596.6063,-8650.536618,-23210.79365,-13442.42295,-23918.58255,-6612.773691,-9288.149862,,,,,
ARIMA 912,-12699.03086,-10471.174,-4405.201189,-1318.803639,5123.743654,4743.59821,-9100.047586,-2030.98456,-5969.552353,-10692.38292,-1059.945524,-10690.9438,-936.5854547,-10595.74058,-8635.603279,-23206.98852,-13441.49682,-23914.64002,-6612.561613,-9293.404963,,,,,
ARIMA 912d,-12700.41407,-10483.62635,-4411.376763,-1323.701229,5130.062725,4743.820498,-9108.34366,-2036.094813,-5981.207674,-10695.19234,-1063.506436,-10702.43501,-948.1640841,-10600.79245,-8649.35928,-23208.84237,-13442.12707,-23916.63227,-6611.197656,-9291.903621,,,,,
ARIMA 913,-12697.89863,-10468.60977,-4404.151652,-1320.161678,5112.20989,4741.001835,-9097.795192,-2032.508518,-5968.615176,-10690.34753,-1056.21467,-10691.73567,-934.4210743,-10593.463,-8634.081471,-23205.38815,-13439.3558,-23915.98749,-6611.165876,-9291.399334,,,,,
ARIMA 913d,-12702.15392,-10481.65277,-4410.206553,-1324.959059,5109.702883,4741.18058,-9105.934882,-2037.531847,-5983.999421,-10693.25174,-1061.426285,-10711.51116,-935.5393461,-10606.00992,-8647.321896,-23207.9608,-13440.02031,-23917.27767,-6609.654295,-9290.790896,,,,,
ARIMA 914,-12699.93029,-10466.99093,-4404.006944,-1326.201456,5133.936942,4741.90323,-9095.697648,-2036.914453,-5970.566669,-10703.67124,-1052.557946,,-932.4672644,-10592.37952,-8635.924579,-23208.86276,-13452.0953,-23919.6207,-6610.288404,-9290.465912,,,,,
ARIMA 914d,-12703.90639,-10479.71449,-4409.948839,-1329.502093,5130.010682,4742.104594,-9103.992084,-2040.953787,-5982.847609,-10691.45676,-1062.220357,,-933.1470995,-10603.4215,-8649.720693,-23210.17357,-13452.37354,-23921.40299,-6610.198521,-9288.951564,,,,,
ARIMA 915,-12702.94802,-10471.85512,-4407.406674,-1323.993141,5116.204296,4743.802276,-9099.439881,-2035.098036,-5969.930476,-10689.97557,-1056.330136,-10688.52212,-931.3482328,-10589.79284,-8633.124828,-23213.97519,-13450.09787,-23919.85569,-6608.271896,-9297.898644,,,,,
ARIMA 915d,-12701.9603,-10482.43933,-4412.529427,-1328.391136,5108.172593,4743.99536,-9107.869438,-2038.60784,-5978.058301,-10707.78428,-1062.471829,-10707.36405,-935.4461502,-10601.88665,-8648.268902,-23215.88754,-13450.23957,-23922.30532,-6610.258125,-9296.543754,,,,,
ARIMA 916,-12705.08045,-10471.62486,-4406.537038,-1314.702457,5125.328193,4737.494343,-9107.267427,-2033.059697,-5978.010819,-10687.19057,-1051.289324,-10685.96269,-930.3269481,,-8633.005006,-23215.60501,-13449.25495,-23918.35766,-6608.987146,-9296.123136,,,,,
ARIMA 916d,-12711.16111,-10483.82195,-4412.398848,-1319.473823,5116.948602,4740.464745,-9107.601783,-2031.358613,-5990.730078,-10708.35014,-1063.136473,-10697.11513,-936.4117466,,-8647.066359,-23213.11812,-13451.44466,-23920.13119,-6608.442534,-9293.640216,,,,,
ARIMA 917,-12707.82563,-10469.63823,-4402.84957,-1322.970967,5116.671491,4747.447807,-9105.569313,-2032.204787,-5978.92393,-10707.75318,-1055.471008,-10689.16925,-937.6137393,,-8636.791389,-23210.08224,-13459.00964,-23915.66461,-6628.180312,-9298.349262,,,,,
ARIMA 917d,-12710.74623,-10482.55636,-4409.630076,-1326.39906,5113.012029,4743.674122,-9107.994958,-2038.587716,-5990.403977,-10709.62051,-1061.031958,-10695.75233,-939.0452941,,-8644.341357,-23211.66203,-13459.44434,-23917.84794,-6627.090614,-9297.010199,,,,,
ARIMA 918,-12705.80226,-10467.20554,,-1322.017252,5122.975204,4742.788403,-9112.066211,-2035.149987,-5977.029854,-10701.37331,-1065.673113,-10683.31727,-935.7173206,-10594.4077,-8630.3286,-23207.98731,-13456.64192,-23915.11117,,-9312.67071,,,,,
ARIMA 918d,0,-10487.06601,,-1325.296827,5120.171583,4740.378717,-9102.944737,-2037.920962,0,-10703.53196,-1070.217633,-10698.43923,-934.6732793,-10598.82739,-8643.175196,-23210.16288,-13455.12588,-23917.29382,,-9307.17576,,,,,
ARIMA 919,-12708.61778,-10470.54577,-4410.159698,-1321.343401,5112.878618,4743.73903,-9093.500998,-2033.504302,-5976.874518,-10694.03548,-1064.721235,-10681.35283,-933.2104304,-10590.42716,-8626.644012,-23203.65839,-13453.68988,-23917.349,-6623.919293,-9294.955356,,,,,
ARIMA 919d,-12713.04721,-10479.37069,-4414.995736,-1325.166687,5109.662578,4745.915048,-9111.388266,-2037.535781,-5988.599513,-10703.06501,-1067.66795,-10692.2599,-933.6629958,-10595.22773,-8645.466956,-23206.85796,-13454.64866,-23920.35199,-6615.634313,-9293.625289,,,,,