Date ,BGF Sustainable Energy Fund,BGF US Government Mortgage Fund,BGF Nutrition Fund
02/02/2023,16.66,18.41,14.16
01/02/2023,16.80,18.47,14.22
31/01/2023,16.50,18.31,14.21
30/01/2023,16.28,18.28,14.03
27/01/2023,16.41,18.31,14.10
26/01/2023,16.43,18.33,14.12
25/01/2023,16.40,18.36,14.07
24/01/2023,16.22,18.33,13.92
23/01/2023,16.31,18.26,13.91
20/01/2023,16.26,18.27,13.92
19/01/2023,16.07,18.35,13.89
18/01/2023,16.18,18.39,13.86
17/01/2023,16.60,18.35,14.19
13/01/2023,16.52,18.25,14.12
12/01/2023,16.50,18.28,14.05
11/01/2023,16.48,18.31,14.00
10/01/2023,16.28,18.24,13.85
09/01/2023,16.20,18.13,13.93
06/01/2023,15.91,18.14,13.82
05/01/2023,15.93,18.12,13.83
04/01/2023,15.29,17.91,13.51
03/01/2023,15.21,17.89,13.41
30/12/2022,15.41,17.94,13.53
29/12/2022,15.27,17.88,13.48
28/12/2022,15.28,17.78,13.46
27/12/2022,15.20,17.83,13.43
23/12/2022,15.25,17.81,13.48
22/12/2022,15.22,17.84,13.49
21/12/2022,15.21,17.90,13.42
20/12/2022,15.14,17.95,13.35
19/12/2022,15.31,18.01,13.37
16/12/2022,15.35,18.04,13.38
15/12/2022,15.31,18.05,13.27
14/12/2022,15.43,18.17,13.32
13/12/2022,15.55,18.23,13.32
12/12/2022,15.78,18.25,13.44
09/12/2022,16.18,18.18,13.72
08/12/2022,16.27,18.19,13.83
07/12/2022,15.69,18.04,13.52
06/12/2022,15.74,18.08,13.59
05/12/2022,15.73,18.11,13.56
02/12/2022,15.69,18.05,13.53
01/12/2022,15.83,17.97,13.62
30/11/2022,15.95,18.06,13.73
29/11/2022,15.95,17.99,13.81
28/11/2022,16.20,17.94,14.06
25/11/2022,15.72,17.78,13.79
23/11/2022,15.60,17.82,13.72
22/11/2022,15.81,17.91,13.85
21/11/2022,15.98,17.87,13.94
18/11/2022,16.01,17.88,13.96
17/11/2022,15.81,17.84,13.84
16/11/2022,15.60,17.74,13.65
15/11/2022,15.57,17.74,13.53
14/11/2022,15.74,17.73,13.65
11/11/2022,15.52,17.73,13.53
10/11/2022,15.80,17.75,13.68
09/11/2022,16.03,17.66,13.72
08/11/2022,15.78,17.62,13.67
07/11/2022,15.80,17.66,13.71
04/11/2022,15.42,17.45,13.56
03/11/2022,14.80,17.20,13.34
02/11/2022,14.72,17.17,13.37
01/11/2022,14.47,17.18,13.12
31/10/2022,14.41,17.18,13.24
28/10/2022,14.09,17.19,12.94
27/10/2022,14.17,17.28,13.26
26/10/2022,14.03,17.30,13.30
25/10/2022,14.02,17.35,13.24
24/10/2022,14.04,17.27,13.33
21/10/2022,13.96,17.20,13.30
20/10/2022,13.83,17.06,13.06
19/10/2022,13.59,17.00,12.91
18/10/2022,13.23,16.92,12.72
17/10/2022,13.23,17.05,12.79
14/10/2022,13.26,17.16,12.82
13/10/2022,13.58,17.28,13.01
12/10/2022,13.27,17.27,12.80
11/10/2022,13.22,17.34,12.78
10/10/2022,12.74,17.24,12.44
07/10/2022,13.08,17.37,12.62
06/10/2022,13.03,17.38,12.53
05/10/2022,13.26,17.47,12.65
04/10/2022,13.48,17.47,12.67
03/10/2022,13.88,17.63,12.89
30/09/2022,13.86,17.64,12.91
29/09/2022,13.94,17.73,12.93
28/09/2022,13.30,17.64,12.53
27/09/2022,13.24,17.67,12.48
26/09/2022,13.23,17.68,12.33
23/09/2022,13.31,17.56,12.44
22/09/2022,13.48,17.32,12.66
21/09/2022,13.57,17.59,12.71
20/09/2022,13.60,17.74,12.78
19/09/2022,14.05,17.93,13.11
16/09/2022,14.42,17.97,13.35
15/09/2022,14.39,17.96,13.36
14/09/2022,14.46,18.02,13.40
13/09/2022,14.41,18.04,13.40
12/09/2022,14.81,18.12,13.77
09/09/2022,14.86,18.12,13.81
08/09/2022,15.10,18.19,14.05
07/09/2022,15.31,18.31,14.20
06/09/2022,15.14,18.32,14.07
02/09/2022,14.85,18.39,13.72
01/09/2022,14.60,18.33,13.70
31/08/2022,14.41,18.38,13.78
30/08/2022,14.42,18.47,13.80
29/08/2022,14.58,18.45,13.94
26/08/2022,14.49,18.46,13.86
25/08/2022,14.78,18.57,14.11
24/08/2022,14.87,18.60,14.28
23/08/2022,14.84,18.61,14.37
22/08/2022,15.38,18.71,14.73
19/08/2022,15.33,18.61,14.69
18/08/2022,15.15,18.65,14.53
17/08/2022,15.16,18.69,14.46
16/08/2022,15.21,18.77,14.50
15/08/2022,15.60,18.84,14.60
12/08/2022,15.76,18.92,14.70
11/08/2022,15.81,18.95,14.69
10/08/2022,15.92,19.00,14.69
09/08/2022,15.83,18.91,14.71
08/08/2022,15.90,18.99,14.80
05/08/2022,15.65,18.98,14.54
04/08/2022,15.42,18.90,14.41
03/08/2022,15.66,18.90,14.57
02/08/2022,15.43,18.92,14.29
01/08/2022,15.37,19.04,14.40
29/07/2022,15.09,18.95,14.44
28/07/2022,15.06,19.16,14.48
27/07/2022,15.16,19.16,14.55
26/07/2022,15.10,19.10,14.42
25/07/2022,14.79,19.05,14.22
22/07/2022,14.18,18.91,14.11
21/07/2022,14.08,18.92,14.11
20/07/2022,14.12,18.87,14.12
19/07/2022,14.23,18.85,14.16
18/07/2022,14.12,18.64,14.10
15/07/2022,13.96,18.68,14.04
14/07/2022,13.76,18.70,13.93
13/07/2022,13.65,18.68,13.88
12/07/2022,13.26,18.62,13.59
11/07/2022,13.14,18.60,13.42
08/07/2022,13.31,18.55,13.65
07/07/2022,13.50,18.62,13.79
06/07/2022,13.56,18.57,13.91
05/07/2022,13.60,18.55,13.96
01/07/2022,13.64,18.60,14.04
30/06/2022,13.37,18.74,13.84
29/06/2022,13.21,18.69,13.85
28/06/2022,13.55,18.67,14.10
27/06/2022,13.56,18.63,13.99
24/06/2022,13.37,18.51,13.83
23/06/2022,13.74,18.34,13.99
22/06/2022,14.26,18.31,14.28
21/06/2022,14.11,18.35,14.21
17/06/2022,13.99,18.38,13.95
16/06/2022,13.71,18.27,13.85
15/06/2022,13.97,18.22,14.02
14/06/2022,13.78,18.23,13.80
13/06/2022,13.79,18.22,13.85
10/06/2022,13.70,18.10,13.82
09/06/2022,14.00,18.08,14.09
08/06/2022,14.00,18.16,14.08
07/06/2022,14.15,18.37,14.17
06/06/2022,14.74,18.59,14.52
03/06/2022,15.29,18.64,14.95
02/06/2022,15.50,18.71,15.14
01/06/2022,15.35,18.69,15.11
31/05/2022,15.44,18.81,15.20
27/05/2022,15.27,18.78,15.05
26/05/2022,15.30,18.87,15.17
25/05/2022,15.34,18.89,15.17
24/05/2022,15.47,18.98,15.20
23/05/2022,15.23,18.96,15.09
20/05/2022,14.71,18.89,14.65
19/05/2022,14.73,18.80,14.69
18/05/2022,14.79,18.81,14.63
17/05/2022,14.81,18.78,14.60
16/05/2022,14.47,18.76,14.42
13/05/2022,14.61,18.65,14.86
12/05/2022,14.56,18.72,15.09
11/05/2022,14.26,18.76,14.89
10/05/2022,14.24,18.75,14.75
09/05/2022,13.81,18.73,14.43
06/05/2022,14.30,18.64,14.72
05/05/2022,14.33,18.63,14.68
04/05/2022,14.60,18.53,14.87
03/05/2022,15.14,18.65,15.51
02/05/2022,15.00,18.56,15.44
29/04/2022,15.02,18.60,15.66
28/04/2022,14.93,18.61,15.63
27/04/2022,15.29,18.74,15.92
26/04/2022,14.96,18.79,15.70
25/04/2022,14.92,18.82,15.58
22/04/2022,15.01,18.82,15.67
21/04/2022,15.03,18.70,15.68
20/04/2022,15.41,18.64,16.21
19/04/2022,15.98,18.75,16.56
18/04/2022,15.95,18.74,16.55
14/04/2022,15.65,18.79,16.47
13/04/2022,15.78,19.01,16.51
12/04/2022,15.72,19.05,16.43
11/04/2022,15.88,18.98,16.60
08/04/2022,15.89,18.97,16.55
07/04/2022,15.99,19.06,16.51
06/04/2022,16.13,19.15,16.48
05/04/2022,16.09,19.16,16.37
04/04/2022,16.68,19.34,16.71
01/04/2022,16.56,19.35,16.51
31/03/2022,16.62,19.35,16.51
30/03/2022,16.67,19.40,16.53
29/03/2022,16.72,19.34,16.60
28/03/2022,16.69,19.30,16.44
25/03/2022,16.31,19.23,16.36
24/03/2022,16.28,19.45,16.33
23/03/2022,16.16,19.50,16.33
22/03/2022,16.18,19.43,16.26
21/03/2022,16.33,19.49,16.27
18/03/2022,16.18,19.65,16.26
17/03/2022,16.20,19.61,16.04
16/03/2022,16.03,19.56,15.87
15/03/2022,15.82,19.62,15.76
14/03/2022,15.28,19.62,15.38
11/03/2022,15.45,19.79,15.53
10/03/2022,15.55,19.81,15.57
09/03/2022,15.57,19.87,15.48
08/03/2022,15.55,19.92,15.26
07/03/2022,15.10,20.03,15.16
04/03/2022,15.18,20.08,15.59
03/03/2022,15.22,19.98,15.59
02/03/2022,15.74,19.96,15.81
01/03/2022,15.81,20.16,15.70
28/02/2022,16.00,20.01,15.74
25/02/2022,16.13,19.90,15.56
24/02/2022,15.68,19.88,15.30
23/02/2022,14.92,19.88,14.97
22/02/2022,15.47,19.91,15.45
18/02/2022,15.54,19.96,15.59
17/02/2022,15.53,19.95,15.65
16/02/2022,15.86,19.95,15.83
15/02/2022,16.03,19.91,15.90
14/02/2022,15.98,19.92,15.92
11/02/2022,15.86,19.93,15.87
10/02/2022,15.56,20.00,15.74
09/02/2022,16.05,19.94,15.92
08/02/2022,16.33,20.09,16.02
07/02/2022,16.36,20.10,16.10
04/02/2022,15.86,20.15,15.66
03/02/2022,16.10,20.14,15.75
02/02/2022,16.08,20.26,15.73
01/02/2022,16.35,20.29,15.82
31/01/2022,16.64,20.25,15.95
28/01/2022,16.44,20.28,15.82
27/01/2022,16.22,20.27,15.57
26/01/2022,15.61,20.23,15.29
25/01/2022,16.19,20.21,15.60
24/01/2022,16.51,20.30,15.70
21/01/2022,16.03,20.31,15.37
20/01/2022,16.21,20.28,15.43
19/01/2022,16.84,20.24,15.89
18/01/2022,17.36,20.25,16.25
14/01/2022,17.33,20.18,16.25
13/01/2022,17.32,20.31,16.24
12/01/2022,17.66,20.31,16.42
11/01/2022,17.74,20.36,16.53
10/01/2022,18.21,20.36,16.79
07/01/2022,18.06,20.38,16.80
06/01/2022,17.64,20.35,16.52
05/01/2022,17.44,20.39,16.42
04/01/2022,17.98,20.46,16.80
03/01/2022,17.94,20.50,16.73
31/12/2021,18.49,20.53,17.22
30/12/2021,18.62,20.54,17.24
29/12/2021,18.59,20.60,17.21
28/12/2021,18.61,20.54,17.20
27/12/2021,18.60,20.56,17.19
23/12/2021,18.55,20.59,17.13
22/12/2021,18.55,20.56,17.19
21/12/2021,18.38,20.57,16.99
20/12/2021,18.30,20.57,16.90
17/12/2021,18.05,20.56,16.74
16/12/2021,17.92,20.60,16.63
15/12/2021,17.74,20.60,16.54
14/12/2021,18.03,20.60,16.62
13/12/2021,18.45,20.55,16.92
10/12/2021,18.04,20.57,16.66
09/12/2021,18.21,20.58,16.83
08/12/2021,18.48,20.55,16.99
07/12/2021,18.50,20.56,17.07
06/12/2021,18.66,20.55,17.07
03/12/2021,18.70,20.58,17.13
02/12/2021,18.67,20.61,17.05
01/12/2021,18.19,20.65,16.71
30/11/2021,18.16,20.60,16.76
29/11/2021,18.36,20.63,16.85
26/11/2021,18.62,20.63,17.03
24/11/2021,18.63,20.60,17.19
23/11/2021,18.54,20.62,17.30
22/11/2021,18.46,20.50,17.25
19/11/2021,18.73,20.54,17.40
18/11/2021,18.43,20.57,17.34
17/11/2021,18.80,20.61,17.51
16/11/2021,19.11,20.67,17.73
15/11/2021,19.09,20.63,17.78
12/11/2021,19.09,20.64,17.75
11/11/2021,19.09,20.63,17.91
10/11/2021,19.07,20.62,17.91
09/11/2021,19.10,20.65,17.99
08/11/2021,18.98,20.66,17.82
05/11/2021,18.91,20.68,17.75
04/11/2021,18.95,20.76,17.86
03/11/2021,19.04,20.73,17.86
02/11/2021,19.11,20.77,17.84
01/11/2021,19.05,20.73,17.81
29/10/2021,19.05,20.69,17.80
28/10/2021,18.86,20.73,17.68
27/10/2021,19.02,20.71,17.52
26/10/2021,18.71,20.69,17.44
25/10/2021,18.66,20.72,17.41
22/10/2021,18.54,20.67,17.42
21/10/2021,18.43,20.68,17.58
20/10/2021,18.27,20.63,17.57
19/10/2021,18.38,20.65,17.60
18/10/2021,18.17,20.70,17.45
15/10/2021,18.11,20.68,17.47
14/10/2021,17.94,20.69,17.30
13/10/2021,17.69,20.71,17.22
12/10/2021,17.79,20.73,17.23
11/10/2021,17.57,20.70,17.12
08/10/2021,17.33,20.68,16.99
07/10/2021,17.10,20.67,17.02
06/10/2021,17.10,20.69,17.12
05/10/2021,17.17,20.71,17.22
04/10/2021,17.30,20.78,17.27
01/10/2021,16.94,20.79,16.95
30/09/2021,17.07,20.82,17.11
29/09/2021,17.24,20.84,17.25
28/09/2021,17.30,20.76,17.16
27/09/2021,17.43,20.75,17.35
24/09/2021,17.53,20.74,17.42
23/09/2021,17.68,20.78,17.54
22/09/2021,18.05,20.78,17.72
21/09/2021,18.18,20.78,17.78
20/09/2021,18.31,20.82,18.02
17/09/2021,18.12,20.82,17.88
16/09/2021,18.00,20.83,17.78
15/09/2021,17.90,20.82,17.63
14/09/2021,18.31,20.84,18.01
13/09/2021,18.40,20.86,17.93
10/09/2021,18.51,20.86,18.07
09/09/2021,18.68,20.83,18.14
08/09/2021,18.58,20.83,18.27
07/09/2021,18.60,20.86,18.30
03/09/2021,18.51,20.84,18.34
02/09/2021,18.57,20.83,18.34
01/09/2021,18.66,20.86,18.39
31/08/2021,18.81,20.85,18.45
30/08/2021,18.77,20.85,18.39
27/08/2021,18.76,20.84,18.42
26/08/2021,18.53,20.83,18.23
25/08/2021,18.47,20.84,18.15
24/08/2021,18.49,20.83,18.23
23/08/2021,18.32,20.81,18.09
20/08/2021,18.30,20.82,18.10
19/08/2021,18.32,20.83,18.02
18/08/2021,18.30,20.83,18.09
17/08/2021,18.16,20.83,17.79
16/08/2021,17.99,20.84,17.60
13/08/2021,17.88,20.82,17.68
12/08/2021,18.03,20.84,17.85
11/08/2021,17.93,20.85,17.78
10/08/2021,18.09,20.83,17.91
09/08/2021,18.18,20.83,18.02
06/08/2021,18.15,20.83,17.95
05/08/2021,18.22,20.81,18.07
04/08/2021,18.17,20.83,18.11
03/08/2021,18.06,20.83,17.95
02/08/2021,18.06,20.89,18.04
30/07/2021,18.15,20.91,18.04
29/07/2021,18.10,20.89,18.07
28/07/2021,17.93,20.90,18.03
27/07/2021,17.91,20.86,18.13
26/07/2021,17.76,20.85,18.16
23/07/2021,17.74,20.84,18.15
22/07/2021,17.45,20.85,18.01
21/07/2021,17.34,20.83,18.00
20/07/2021,17.49,20.83,18.19
19/07/2021,17.42,20.82,18.13
16/07/2021,17.44,20.80,18.15
15/07/2021,17.30,20.84,18.09
14/07/2021,16.88,20.82,17.84
13/07/2021,16.81,20.78,17.68
12/07/2021,17.27,20.81,18.16
09/07/2021,17.33,20.78,18.24
08/07/2021,17.53,20.75,18.40
07/07/2021,17.54,20.77,18.52
06/07/2021,17.57,20.77,18.54
02/07/2021,17.38,20.81,18.50
01/07/2021,17.24,20.79,18.31
30/06/2021,17.62,20.81,18.60
29/06/2021,17.46,20.80,18.62
28/06/2021,17.42,20.80,18.69
25/06/2021,17.37,20.77,18.66
24/06/2021,17.37,20.76,18.73
23/06/2021,17.32,20.75,18.62
22/06/2021,17.50,20.75,18.71
21/06/2021,17.26,20.70,18.61
18/06/2021,17.20,20.73,18.74
17/06/2021,17.16,20.72,18.56
16/06/2021,16.94,20.70,18.47
15/06/2021,16.88,20.71,18.44
14/06/2021,16.81,20.71,18.22
11/06/2021,17.00,20.69,18.34
10/06/2021,17.30,20.74,18.59
09/06/2021,17.19,20.75,18.68
08/06/2021,17.12,20.79,18.75
07/06/2021,17.08,20.79,18.84
04/06/2021,17.01,20.78,18.92
03/06/2021,17.01,20.76,18.99
02/06/2021,16.95,20.76,19.08
01/06/2021,16.96,20.80,19.04
28/05/2021,16.98,20.77,19.02
27/05/2021,16.81,20.79,18.81
26/05/2021,17.00,20.80,18.94
25/05/2021,17.23,20.79,19.05
24/05/2021,17.06,20.78,18.91
21/05/2021,17.12,20.78,18.86
20/05/2021,17.06,20.81,18.96
19/05/2021,17.03,20.81,18.89
18/05/2021,17.06,20.78,18.92
17/05/2021,16.98,20.77,18.83
14/05/2021,16.77,20.75,18.68
13/05/2021,16.36,20.77,18.58
12/05/2021,16.66,20.76,18.90
11/05/2021,16.58,20.77,18.65
10/05/2021,16.62,20.75,18.61
07/05/2021,16.43,20.79,18.57
06/05/2021,16.59,20.81,18.80
05/05/2021,16.95,20.82,19.01
04/05/2021,16.99,20.85,18.88
03/05/2021,16.70,20.84,18.68
30/04/2021,16.80,20.85,18.66
29/04/2021,16.59,20.86,18.57
28/04/2021,16.99,20.84,18.72
27/04/2021,17.08,20.82,18.69
26/04/2021,17.31,20.81,18.77
23/04/2021,17.39,20.80,18.73
22/04/2021,17.53,20.83,18.59
21/04/2021,17.55,20.84,18.50
20/04/2021,17.45,20.85,18.43
19/04/2021,17.39,20.84,18.40
16/04/2021,16.99,20.83,18.20
15/04/2021,17.14,20.81,18.37
14/04/2021,17.35,20.82,18.46
13/04/2021,17.28,20.83,18.41
12/04/2021,17.12,20.79,18.25
09/04/2021,17.15,20.80,18.24
08/04/2021,17.07,20.77,18.19
07/04/2021,17.03,20.77,18.13
06/04/2021,17.13,20.77,18.17
05/04/2021,17.13,20.75,18.08
01/04/2021,17.04,20.79,18.03
31/03/2021,17.17,20.77,18.11
30/03/2021,16.95,20.72,17.87
29/03/2021,16.73,20.72,17.78
26/03/2021,16.44,20.73,17.68
25/03/2021,16.51,20.74,17.81
24/03/2021,16.44,20.79,17.66
23/03/2021,16.00,20.78,17.29
22/03/2021,16.32,20.78,17.52
19/03/2021,16.36,20.74,17.67
18/03/2021,16.35,20.73,17.66
17/03/2021,16.22,20.74,17.68
16/03/2021,16.27,20.79,17.84
15/03/2021,16.23,20.79,17.72
12/03/2021,16.48,20.77,17.81
11/03/2021,16.38,20.79,17.74
10/03/2021,16.38,20.83,17.72
09/03/2021,16.45,20.82,17.73
08/03/2021,16.16,20.80,17.45
05/03/2021,16.04,20.80,17.35
04/03/2021,15.72,20.83,17.09
03/03/2021,15.55,20.86,16.95
02/03/2021,15.82,20.90,17.13
01/03/2021,16.12,20.90,17.33
26/02/2021,16.51,20.87,17.52
25/02/2021,16.33,20.84,17.44
24/02/2021,16.17,20.79,17.26
23/02/2021,16.50,20.89,17.72
22/02/2021,16.33,20.90,17.58
19/02/2021,16.24,20.91,17.36
18/02/2021,16.80,20.94,17.74
17/02/2021,17.01,20.94,17.82
16/02/2021,16.81,20.92,17.61
12/02/2021,17.02,20.92,17.76
11/02/2021,17.27,20.95,17.84
10/02/2021,17.22,20.95,17.79
09/02/2021,17.07,20.97,17.64
08/02/2021,17.07,20.97,17.57
05/02/2021,17.01,20.97,17.78
04/02/2021,16.99,20.96,17.64
03/02/2021,17.00,20.98,17.57
02/02/2021,16.83,20.99,17.37
01/02/2021,16.77,20.98,17.17
29/01/2021,16.87,20.98,17.21
28/01/2021,16.79,20.98,17.07
27/01/2021,16.52,20.95,16.78
26/01/2021,16.47,20.95,16.85
25/01/2021,16.59,20.93,16.93
22/01/2021,16.41,20.92,16.85
21/01/2021,17.12,20.91,17.31
20/01/2021,17.28,20.91,17.32
19/01/2021,17.28,20.92,17.22
15/01/2021,17.27,20.92,17.31
14/01/2021,17.18,20.91,17.17
13/01/2021,17.04,20.92,17.17
12/01/2021,16.84,20.92,17.14
11/01/2021,16.94,20.90,17.15
08/01/2021,17.19,20.91,17.24
07/01/2021,17.26,20.90,17.15
06/01/2021,17.16,20.90,17.04
05/01/2021,17.15,20.92,16.91
04/01/2021,17.48,20.95,17.11
31/12/2020,17.12,20.98,17.13
30/12/2020,16.81,20.98,17.02
29/12/2020,16.29,20.97,16.58
28/12/2020,16.53,20.94,16.68
24/12/2020,16.08,20.92,16.42
23/12/2020,16.16,20.93,16.45
22/12/2020,16.00,20.92,16.30
21/12/2020,16.08,20.92,16.29
18/12/2020,15.84,20.92,16.15
17/12/2020,15.57,20.92,16.05
16/12/2020,15.37,20.93,15.98
15/12/2020,15.54,20.92,16.21
14/12/2020,15.56,20.88,16.19
11/12/2020,15.40,20.90,16.10
10/12/2020,15.25,20.89,15.91
09/12/2020,15.23,20.89,16.01
08/12/2020,15.14,20.85,15.87
07/12/2020,15.20,20.86,15.56
04/12/2020,15.32,20.88,15.54
03/12/2020,15.31,20.87,15.39
02/12/2020,15.27,20.91,15.37
01/12/2020,15.19,20.92,15.35
30/11/2020,15.20,20.91,15.24
27/11/2020,15.19,20.91,15.19
25/11/2020,15.27,20.88,15.21
24/11/2020,15.26,20.87,15.18
23/11/2020,15.24,20.86,15.14
20/11/2020,15.12,20.86,15.04
19/11/2020,15.04,20.86,14.94
18/11/2020,14.96,20.86,14.97
17/11/2020,14.94,20.87,14.98
16/11/2020,14.83,20.86,14.92
13/11/2020,14.74,20.85,14.84
12/11/2020,14.73,20.86,14.93
11/11/2020,14.68,20.83,14.81
10/11/2020,14.74,20.84,14.83
09/11/2020,14.76,20.84,14.71
06/11/2020,14.72,20.84,14.68
05/11/2020,14.67,20.83,14.64
04/11/2020,14.55,20.82,14.64
03/11/2020,14.85,20.85,14.82
02/11/2020,14.42,20.90,14.82
30/10/2020,14.36,20.90,14.75
29/10/2020,13.73,20.87,14.40
28/10/2020,13.78,20.90,14.35
27/10/2020,13.52,20.86,14.15
26/10/2020,13.25,20.85,13.95
23/10/2020,13.38,20.86,14.08
22/10/2020,13.32,20.86,14.12
21/10/2020,13.71,20.85,14.46
20/10/2020,13.72,20.85,14.46
19/10/2020,13.96,20.85,14.62
16/10/2020,13.88,20.84,14.63
15/10/2020,14.02,20.82,14.81
14/10/2020,14.02,20.83,14.82
13/10/2020,14.05,20.82,14.93
12/10/2020,14.00,20.81,14.92
09/10/2020,13.81,20.80,14.84
08/10/2020,14.05,20.80,15.04
07/10/2020,13.97,20.81,14.95
06/10/2020,14.00,20.82,14.99
05/10/2020,13.85,20.82,14.89
02/10/2020,13.72,20.83,14.79
01/10/2020,13.51,20.87,14.69
30/09/2020,13.37,20.86,14.69
29/09/2020,13.31,20.88,14.67
28/09/2020,13.15,20.88,14.50
25/09/2020,13.18,20.84,14.52
24/09/2020,13.01,20.84,14.48
23/09/2020,12.97,20.82,14.43
22/09/2020,12.81,20.83,14.37
21/09/2020,12.44,20.80,14.10
18/09/2020,12.48,20.79,14.08
17/09/2020,12.70,20.79,14.24
16/09/2020,12.58,20.78,14.12
15/09/2020,12.63,20.79,14.14
14/09/2020,13.01,20.80,14.53
11/09/2020,12.93,20.78,14.32
10/09/2020,13.12,20.79,14.46
09/09/2020,13.08,20.80,14.47
08/09/2020,12.93,20.81,14.39
04/09/2020,12.81,20.81,14.23
03/09/2020,12.90,20.81,14.40
02/09/2020,12.83,20.80,14.35
01/09/2020,12.60,20.80,14.11
31/08/2020,12.83,20.83,14.29
28/08/2020,12.78,20.85,14.32
27/08/2020,13.13,20.84,14.61
26/08/2020,13.10,20.84,14.57
25/08/2020,12.98,20.80,14.44
24/08/2020,12.99,20.80,14.46
21/08/2020,12.96,20.78,14.51
20/08/2020,12.99,20.77,14.56
19/08/2020,12.95,20.77,14.47
18/08/2020,12.93,20.77,14.49
17/08/2020,12.87,20.78,14.45
14/08/2020,12.64,20.80,14.31
13/08/2020,12.62,20.81,14.31
12/08/2020,12.83,20.81,14.47
11/08/2020,12.84,20.80,14.45
10/08/2020,12.84,20.79,14.43
07/08/2020,12.78,20.78,14.32
06/08/2020,12.91,20.79,14.35
05/08/2020,12.80,20.80,14.24
04/08/2020,12.78,20.80,14.26
03/08/2020,12.64,20.79,14.22
31/07/2020,12.65,20.81,14.15
30/07/2020,12.54,20.82,14.20
29/07/2020,12.56,20.84,14.18
28/07/2020,12.29,20.83,13.99
27/07/2020,12.25,20.79,13.93
24/07/2020,12.25,20.77,13.98
23/07/2020,12.13,20.76,13.86
22/07/2020,12.26,20.74,13.95
21/07/2020,12.20,20.72,13.89
20/07/2020,12.25,20.72,13.88
17/07/2020,12.08,20.74,13.73
16/07/2020,12.31,20.75,13.90
15/07/2020,12.27,20.74,13.74
14/07/2020,12.26,20.73,13.72
13/07/2020,12.08,20.73,13.60
10/07/2020,11.95,20.73,13.59
09/07/2020,11.89,20.71,13.56
08/07/2020,11.85,20.71,13.59
07/07/2020,11.55,20.71,13.33
06/07/2020,11.69,20.73,13.47
02/07/2020,11.48,20.73,13.40
01/07/2020,11.53,20.72,13.44
30/06/2020,11.42,20.71,13.47
29/06/2020,11.31,20.72,13.51
26/06/2020,11.28,20.75,13.58
25/06/2020,11.07,20.74,13.44
24/06/2020,11.14,20.73,13.43
23/06/2020,10.92,20.71,13.29
22/06/2020,10.86,20.71,13.11
19/06/2020,10.76,20.70,13.00
18/06/2020,10.84,20.68,13.08
17/06/2020,10.72,20.68,13.00
16/06/2020,10.89,20.70,13.07
15/06/2020,10.84,20.69,13.04
12/06/2020,10.93,20.69,13.10
11/06/2020,10.82,20.69,13.00
10/06/2020,10.85,20.71,13.04
09/06/2020,10.91,20.74,13.00
08/06/2020,10.42,20.74,12.57
05/06/2020,10.66,20.78,12.78
04/06/2020,10.74,20.76,12.91
03/06/2020,11.10,20.74,13.18
02/06/2020,11.08,20.73,13.08
01/06/2020,11.16,20.74,13.16
29/05/2020,11.09,20.77,13.17
28/05/2020,10.96,20.77,13.09
27/05/2020,10.83,20.77,13.15
26/05/2020,10.58,20.75,13.05
22/05/2020,10.27,20.69,12.81
21/05/2020,10.20,20.70,12.78
20/05/2020,10.05,20.69,12.61
19/05/2020,10.07,20.69,12.59
18/05/2020,9.80,20.69,12.36
15/05/2020,9.67,20.70,12.27
14/05/2020,9.72,20.66,12.34
13/05/2020,9.52,20.61,12.25
12/05/2020,9.43,20.67,12.23
11/05/2020,9.14,20.60,12.08
08/05/2020,8.91,20.57,11.91
07/05/2020,9.28,20.57,12.23
06/05/2020,9.43,20.58,12.35
05/05/2020,9.38,20.63,12.23
04/05/2020,9.44,20.65,12.19
01/05/2020,9.32,20.68,12.03
30/04/2020,9.29,20.68,11.81
29/04/2020,9.32,20.71,11.84
28/04/2020,9.14,20.65,11.67
27/04/2020,9.50,20.62,12.06
24/04/2020,9.59,20.60,12.04
23/04/2020,9.48,20.57,12.06
22/04/2020,9.24,20.58,11.86
21/04/2020,9.04,20.60,11.71
20/04/2020,9.08,20.55,11.67
17/04/2020,8.98,20.47,11.67
16/04/2020,8.99,20.49,11.66
15/04/2020,9.14,20.55,11.73
14/04/2020,9.24,20.55,11.81
13/04/2020,8.96,20.51,11.55
09/04/2020,9.01,20.48,11.46
08/04/2020,9.32,20.49,11.64
07/04/2020,9.28,20.57,11.56
06/04/2020,8.81,20.56,11.25
03/04/2020,9.05,20.61,11.41
02/04/2020,8.65,20.56,10.99
01/04/2020,8.36,20.55,10.84
31/03/2020,8.27,20.54,10.80
30/03/2020,8.39,20.50,10.88
27/03/2020,8.70,20.51,11.02
26/03/2020,8.56,20.50,10.78
25/03/2020,8.51,20.24,10.74
24/03/2020,8.62,20.32,10.89
23/03/2020,8.33,20.39,10.52
20/03/2020,8.04,20.22,10.38
19/03/2020,7.62,19.90,10.01
18/03/2020,8.02,19.54,10.49
17/03/2020,7.69,19.83,10.13
16/03/2020,7.85,20.11,10.21
13/03/2020,8.16,20.15,10.17
12/03/2020,8.23,19.93,10.21
11/03/2020,8.56,20.02,10.63
10/03/2020,8.61,20.12,10.56
09/03/2020,9.45,20.21,11.60
06/03/2020,9.64,20.32,11.84
05/03/2020,9.73,20.27,11.82
04/03/2020,10.32,20.25,12.52
03/03/2020,10.58,20.25,12.82
02/03/2020,10.56,20.25,12.76
28/02/2020,10.51,20.27,12.71
27/02/2020,10.20,20.21,12.40
26/02/2020,9.95,20.11,12.17
25/02/2020,10.38,20.08,12.69
24/02/2020,10.62,20.11,13.15
21/02/2020,10.75,20.09,13.35
20/02/2020,10.79,20.07,13.40
19/02/2020,11.12,20.05,13.79
18/02/2020,11.25,20.04,13.80
14/02/2020,11.21,20.05,13.84
13/02/2020,11.15,20.04,13.76
12/02/2020,11.16,20.04,13.73
11/02/2020,11.13,20.04,13.74
10/02/2020,11.06,20.04,13.60
07/02/2020,11.13,20.06,13.70
06/02/2020,11.11,20.06,13.71
05/02/2020,10.92,20.05,13.63
04/02/2020,10.93,20.03,13.62
03/02/2020,11.03,20.03,13.72
31/01/2020,10.99,20.03,13.67
30/01/2020,10.85,20.06,13.60
29/01/2020,10.66,20.04,13.43
28/01/2020,10.72,20.01,13.46
27/01/2020,10.76,20.03,13.47
24/01/2020,10.85,20.00,13.60
23/01/2020,10.77,20.02,13.57
22/01/2020,10.77,19.99,13.61
21/01/2020,10.98,19.98,13.80
17/01/2020,10.87,19.96,13.70
16/01/2020,10.93,19.97,13.87
15/01/2020,10.85,19.96,13.86
14/01/2020,10.87,19.96,13.90
13/01/2020,10.85,19.96,13.89
10/01/2020,10.76,19.96,13.80
09/01/2020,10.75,19.96,13.79
08/01/2020,10.71,19.96,13.70
07/01/2020,10.69,19.96,13.64
06/01/2020,10.68,19.93,13.60
03/01/2020,10.63,19.95,13.58
02/01/2020,10.63,19.94,13.57
31/12/2019,10.61,19.95,13.55
30/12/2019,10.57,19.94,13.55
27/12/2019,10.65,19.92,13.67
26/12/2019,10.73,19.90,13.74
24/12/2019,10.69,19.91,13.73
23/12/2019,10.67,19.90,13.72
20/12/2019,10.72,19.85,13.75
19/12/2019,10.61,19.86,13.59
18/12/2019,10.60,19.87,13.54
17/12/2019,10.57,19.85,13.45
16/12/2019,10.54,19.87,13.45
13/12/2019,10.58,19.85,13.41
12/12/2019,10.57,19.90,13.47
11/12/2019,10.51,19.81,13.41
10/12/2019,10.40,19.87,13.29
09/12/2019,10.28,19.86,13.25
06/12/2019,10.21,19.84,13.28
05/12/2019,10.23,19.84,13.34
04/12/2019,10.25,19.86,13.31
03/12/2019,10.17,19.87,13.27
02/12/2019,10.17,19.89,13.28
29/11/2019,10.00,19.81,13.12
27/11/2019,10.10,19.85,13.31
26/11/2019,10.15,19.83,13.36
25/11/2019,10.18,19.83,13.33
22/11/2019,10.17,19.85,13.28
21/11/2019,10.15,19.82,13.24
20/11/2019,10.09,19.82,13.14
19/11/2019,10.01,19.82,13.09
18/11/2019,10.04,19.83,13.11
15/11/2019,10.12,19.81,13.13
14/11/2019,10.15,19.84,13.14
13/11/2019,10.11,19.82,13.15
12/11/2019,10.13,19.82,13.10
11/11/2019,10.06,19.79,13.10
08/11/2019,10.07,19.79,13.12
07/11/2019,10.09,19.77,13.12
06/11/2019,10.06,19.78,13.10
05/11/2019,10.06,19.76,13.06
04/11/2019,10.14,19.85,13.13
01/11/2019,10.08,19.78,13.09
31/10/2019,10.10,19.84,13.08
30/10/2019,10.16,19.85,13.03
29/10/2019,9.93,19.75,12.92
28/10/2019,9.91,19.74,12.92
25/10/2019,9.93,19.72,12.93
24/10/2019,9.95,19.74,13.00
23/10/2019,9.82,19.74,12.93
22/10/2019,9.86,19.75,12.93
21/10/2019,9.83,19.73,12.91
18/10/2019,9.86,19.74,12.97
17/10/2019,9.86,19.77,12.96
16/10/2019,9.75,19.76,12.97
15/10/2019,9.77,19.78,12.98
14/10/2019,9.68,19.76,12.95
11/10/2019,9.64,19.80,12.88
10/10/2019,9.64,19.77,12.80
09/10/2019,9.67,19.80,12.81
08/10/2019,9.46,19.82,12.63
07/10/2019,9.38,19.83,12.64
04/10/2019,9.36,19.83,12.63
03/10/2019,9.52,19.87,12.78
02/10/2019,9.47,19.85,12.74
01/10/2019,9.37,19.82,12.67
30/09/2019,9.41,19.81,12.65
27/09/2019,9.69,19.80,12.96
26/09/2019,9.67,19.78,12.96
25/09/2019,9.68,19.76,12.93
24/09/2019,9.71,19.72,12.92
23/09/2019,9.63,19.77,12.90
20/09/2019,9.78,19.75,13.02
19/09/2019,9.71,19.73,12.95
18/09/2019,9.82,19.73,13.04
17/09/2019,9.86,19.71,13.03
16/09/2019,9.82,19.69,13.12
13/09/2019,9.76,19.71,13.14
12/09/2019,9.80,19.69,13.15
11/09/2019,9.88,19.74,13.19
10/09/2019,9.78,19.75,13.11
09/09/2019,9.73,19.74,13.07
06/09/2019,9.60,19.78,12.93
05/09/2019,9.55,19.81,13.13
04/09/2019,9.54,19.81,13.15
03/09/2019,9.53,19.86,13.11
30/08/2019,9.39,19.83,12.97
29/08/2019,9.29,19.80,12.88
28/08/2019,9.33,19.79,12.93
27/08/2019,9.36,19.79,12.99
26/08/2019,9.26,19.80,12.90
23/08/2019,9.13,19.77,12.76
22/08/2019,9.22,19.75,12.81
21/08/2019,9.16,19.77,12.75
20/08/2019,9.21,19.73,12.81
19/08/2019,9.32,19.74,12.89
16/08/2019,9.32,19.74,12.84
15/08/2019,9.21,19.72,12.75
14/08/2019,9.25,19.75,12.77
13/08/2019,9.10,19.72,12.67
12/08/2019,9.15,19.66,12.70
09/08/2019,9.30,19.72,12.88
08/08/2019,9.28,19.68,12.80
07/08/2019,9.32,19.70,12.95
06/08/2019,9.35,19.73,12.82
05/08/2019,9.22,19.69,12.57
02/08/2019,9.24,19.73,12.68
01/08/2019,9.23,19.67,12.70
31/07/2019,9.43,19.71,12.88
30/07/2019,9.56,19.64,13.00
29/07/2019,9.61,19.62,13.12
26/07/2019,9.58,19.63,13.13
25/07/2019,9.70,19.62,13.28
24/07/2019,9.68,19.63,13.21
23/07/2019,9.72,19.65,13.26
22/07/2019,9.76,19.61,13.29
19/07/2019,9.68,19.62,13.30
18/07/2019,9.65,19.61,13.32
17/07/2019,9.65,19.60,13.28
16/07/2019,9.57,19.58,13.19
15/07/2019,9.65,19.54,13.21
12/07/2019,9.67,19.56,13.23
11/07/2019,9.67,19.55,13.23
10/07/2019,9.63,19.57,13.19
09/07/2019,9.63,19.58,13.20
08/07/2019,9.69,19.55,13.22
05/07/2019,9.65,19.58,13.19
03/07/2019,9.70,19.56,13.27
02/07/2019,9.71,19.63,13.28
01/07/2019,9.85,19.61,13.35
28/06/2019,9.81,19.60,13.25
27/06/2019,9.76,19.55,13.18
26/06/2019,9.82,19.55,13.16
25/06/2019,9.74,19.56,13.08
24/06/2019,9.70,19.50,13.00
21/06/2019,9.69,19.53,13.04
20/06/2019,9.71,19.48,13.07
19/06/2019,9.70,19.48,13.06
18/06/2019,9.68,19.56,13.01
17/06/2019,9.70,19.49,13.03
14/06/2019,9.53,19.46,12.89
13/06/2019,9.52,19.40,13.01
12/06/2019,9.42,19.41,12.94
11/06/2019,9.42,19.44,12.98
10/06/2019,9.51,19.41,13.05
07/06/2019,9.49,19.40,13.10
06/06/2019,9.54,19.41,13.12
05/06/2019,9.44,19.40,13.00
04/06/2019,9.33,19.41,12.89
03/06/2019,9.30,19.41,12.87
31/05/2019,9.19,19.44,12.76
30/05/2019,9.06,19.37,12.65
29/05/2019,8.99,19.30,12.54
28/05/2019,9.03,19.27,12.60
24/05/2019,9.21,19.25,12.90
23/05/2019,9.19,19.26,12.88
22/05/2019,9.20,19.28,12.87
21/05/2019,9.11,19.20,12.81
20/05/2019,9.27,19.19,13.01
17/05/2019,9.24,19.20,13.03
16/05/2019,9.17,19.22,13.01
15/05/2019,9.28,19.20,13.15
14/05/2019,9.30,19.24,13.19
13/05/2019,9.20,19.19,13.02
10/05/2019,9.23,19.21,12.98
09/05/2019,9.23,19.17,12.99
08/05/2019,9.37,19.16,13.15
07/05/2019,9.44,19.17,13.21
06/05/2019,9.49,19.17,13.29
03/05/2019,9.54,19.15,13.27
02/05/2019,9.65,19.11,13.30
01/05/2019,9.65,19.14,13.17
30/04/2019,9.68,19.09,13.20
29/04/2019,9.62,19.11,13.19
26/04/2019,9.58,19.08,13.15
25/04/2019,9.59,19.08,13.20
24/04/2019,9.63,19.04,13.23
23/04/2019,9.62,19.03,13.21
22/04/2019,9.72,19.04,13.17
18/04/2019,9.74,19.04,13.19
17/04/2019,9.68,19.07,13.13
16/04/2019,9.64,19.07,13.06
15/04/2019,9.63,19.12,13.07
12/04/2019,9.57,19.13,13.05
11/04/2019,9.55,19.10,13.00
10/04/2019,9.55,19.10,13.01
09/04/2019,9.57,19.11,13.03
08/04/2019,9.55,19.10,13.04
05/04/2019,9.50,19.09,12.95
04/04/2019,9.48,19.12,12.93
03/04/2019,9.35,19.09,12.86
02/04/2019,9.31,19.16,12.86
01/04/2019,9.17,19.18,12.77
29/03/2019,9.18,19.19,12.69
28/03/2019,9.17,19.16,12.57
27/03/2019,9.24,19.15,12.69
26/03/2019,9.21,19.12,12.65
25/03/2019,9.27,19.05,12.72
22/03/2019,9.42,19.06,12.81
21/03/2019,9.41,19.00,12.71
20/03/2019,9.48,19.00,12.84
19/03/2019,9.44,19.00,12.82
18/03/2019,9.41,18.96,12.83
15/03/2019,9.35,19.00,12.78
14/03/2019,9.33,18.99,12.78
13/03/2019,9.28,18.95,12.70
12/03/2019,9.21,18.97,12.56
11/03/2019,9.10,18.95,12.54
08/03/2019,9.14,18.90,12.56
07/03/2019,9.23,18.88,12.78
06/03/2019,9.27,18.88,12.87
05/03/2019,9.31,18.86,12.88
04/03/2019,9.32,18.89,12.85
01/03/2019,9.23,18.91,12.82
28/02/2019,9.25,18.93,12.84
27/02/2019,9.29,18.89,12.88
26/02/2019,9.29,18.92,12.93
25/02/2019,9.23,18.88,12.90
22/02/2019,9.17,18.92,12.84
21/02/2019,9.18,18.92,12.78
20/02/2019,9.08,18.89,12.58
19/02/2019,9.08,18.89,12.65
15/02/2019,9.04,18.90,12.65
14/02/2019,8.99,18.85,12.64
13/02/2019,8.96,18.90,12.69
12/02/2019,8.88,18.89,12.57
11/02/2019,8.78,18.91,12.49
08/02/2019,8.72,18.88,12.43
07/02/2019,8.86,18.86,12.47
06/02/2019,8.99,18.86,12.61
05/02/2019,8.91,18.84,12.63
04/02/2019,8.82,18.87,12.64
01/02/2019,8.85,18.92,12.64
31/01/2019,8.79,18.83,12.56
30/01/2019,8.75,18.81,12.55
29/01/2019,8.76,18.77,12.55
28/01/2019,8.68,18.76,12.39
25/01/2019,8.72,18.79,12.48
24/01/2019,8.59,18.73,12.36
23/01/2019,8.56,18.79,12.43
22/01/2019,8.57,18.75,12.44
18/01/2019,8.63,18.74,12.59
17/01/2019,8.60,18.77,12.51
16/01/2019,8.47,18.79,12.30
15/01/2019,8.48,18.80,12.31
14/01/2019,8.47,18.78,12.28
11/01/2019,8.47,18.79,12.29
10/01/2019,8.50,18.74,12.30
09/01/2019,8.51,18.75,12.21
08/01/2019,8.56,18.77,12.35
07/01/2019,8.43,18.80,12.18
04/01/2019,8.33,18.79,12.00
03/01/2019,8.19,18.88,11.79
02/01/2019,8.14,18.77,11.58
31/12/2018,8.16,18.75,11.60
28/12/2018,8.21,18.71,11.63
27/12/2018,8.22,18.69,11.66
26/12/2018,8.04,18.64,11.37
24/12/2018,8.15,18.68,11.54
21/12/2018,8.22,18.71,11.66
20/12/2018,8.35,18.67,11.98
19/12/2018,8.35,18.61,11.97
18/12/2018,8.35,18.59,12.00
17/12/2018,8.43,18.59,12.15
14/12/2018,8.54,18.59,12.25
13/12/2018,8.51,18.62,12.35
12/12/2018,8.44,18.63,12.32
11/12/2018,8.36,18.61,12.21
10/12/2018,8.52,18.57,12.61
07/12/2018,8.40,18.51,12.37
06/12/2018,8.59,18.54,12.68
04/12/2018,8.75,18.50,12.97
03/12/2018,8.82,18.48,13.00
30/11/2018,8.65,18.45,12.81
29/11/2018,8.67,18.45,12.81
28/11/2018,8.57,18.42,12.70
27/11/2018,8.55,18.39,12.74
26/11/2018,8.61,18.41,12.77
23/11/2018,8.48,18.38,12.66
21/11/2018,8.54,18.39,12.70
20/11/2018,8.54,18.40,12.75
19/11/2018,8.40,18.41,12.59
16/11/2018,8.58,18.42,13.01
15/11/2018,8.55,18.34,12.96
14/11/2018,8.49,18.31,12.82
13/11/2018,8.59,18.31,13.04
12/11/2018,8.53,18.30,13.15
09/11/2018,8.53,18.27,13.29
08/11/2018,8.60,18.25,13.32
07/11/2018,8.71,18.29,13.46
06/11/2018,8.69,18.25,13.40
05/11/2018,8.53,18.25,13.27
02/11/2018,8.47,18.25,13.21
01/11/2018,8.55,18.35,13.25
31/10/2018,8.37,18.36,12.88
30/10/2018,8.18,18.37,12.67
29/10/2018,8.28,18.40,12.83
26/10/2018,8.11,18.32,12.57
25/10/2018,8.22,18.34,12.64
24/10/2018,8.24,18.31,12.91
23/10/2018,8.28,18.27,12.82
22/10/2018,8.44,18.28,13.14
19/10/2018,8.48,18.32,13.27
18/10/2018,8.57,18.34,13.26
17/10/2018,8.62,18.36,13.30
16/10/2018,8.61,18.34,13.22
15/10/2018,8.49,18.37,13.16
12/10/2018,8.50,18.39,13.20
11/10/2018,8.58,18.30,13.19
10/10/2018,8.63,18.33,13.44
09/10/2018,8.76,18.31,13.61
08/10/2018,8.78,18.29,13.62
05/10/2018,8.90,18.34,13.64
04/10/2018,8.99,18.40,13.70
03/10/2018,9.12,18.51,13.73
02/10/2018,9.10,18.48,13.67
01/10/2018,9.18,18.50,13.64
28/09/2018,9.13,18.48,13.59
27/09/2018,9.22,18.47,13.58
26/09/2018,9.27,18.43,13.61
25/09/2018,9.33,18.46,13.64
24/09/2018,9.39,18.46,13.62
21/09/2018,9.48,18.44,13.71
20/09/2018,9.40,18.43,13.70
19/09/2018,9.30,18.47,13.66
18/09/2018,9.25,18.51,13.52
17/09/2018,9.26,18.53,13.56
14/09/2018,9.24,18.56,13.48
13/09/2018,9.22,18.54,13.53
12/09/2018,9.14,18.51,13.47
11/09/2018,9.15,18.57,13.37
10/09/2018,9.20,18.56,13.42
07/09/2018,9.13,18.63,13.25
06/09/2018,9.21,18.58,13.35
05/09/2018,9.18,18.59,13.29
04/09/2018,9.19,18.63,13.33
31/08/2018,9.29,18.62,13.42
30/08/2018,9.34,18.60,13.41
29/08/2018,9.40,18.59,13.41
28/08/2018,9.45,18.60,13.38
27/08/2018,9.47,18.63,13.39
24/08/2018,9.38,18.65,13.37
23/08/2018,9.24,18.65,13.16
22/08/2018,9.20,18.63,13.10
21/08/2018,9.22,18.61,13.14
20/08/2018,9.30,18.64,13.14
17/08/2018,9.20,18.59,13.09
16/08/2018,9.07,18.58,12.92
15/08/2018,9.05,18.61,12.89
14/08/2018,9.08,18.60,12.93
13/08/2018,9.13,18.62,12.91
10/08/2018,9.16,18.55,13.05
09/08/2018,9.36,18.54,13.15
08/08/2018,9.35,18.53,13.19
07/08/2018,9.36,18.58,13.23
06/08/2018,9.27,18.55,13.16
03/08/2018,9.33,18.52,13.07
02/08/2018,9.30,18.51,13.00
01/08/2018,9.40,18.54,12.96
31/07/2018,9.42,18.51,12.90
30/07/2018,9.43,18.53,12.95
27/07/2018,9.45,18.51,13.04
26/07/2018,9.42,18.55,13.00
25/07/2018,9.39,18.53,12.85
24/07/2018,9.44,18.51,12.84
23/07/2018,9.40,18.58,12.83
20/07/2018,9.43,18.61,12.85
19/07/2018,9.41,18.58,12.81
18/07/2018,9.44,18.57,12.86
17/07/2018,9.40,18.58,12.83
16/07/2018,9.41,18.60,12.88
13/07/2018,9.36,18.57,12.92
12/07/2018,9.32,18.58,12.96
11/07/2018,9.34,18.55,13.02
10/07/2018,9.41,18.57,13.18
09/07/2018,9.40,18.58,13.17
06/07/2018,9.28,18.55,13.02
05/07/2018,9.23,18.56,12.93
03/07/2018,9.15,18.56,12.95
02/07/2018,9.24,18.54,13.00
29/06/2018,9.13,18.56,12.99
28/06/2018,9.24,18.54,13.13
27/06/2018,9.09,18.55,13.03
26/06/2018,9.32,18.51,13.20
25/06/2018,9.29,18.51,13.17
22/06/2018,9.29,18.49,13.16
21/06/2018,9.40,18.51,13.23
20/06/2018,9.36,18.48,13.15
19/06/2018,9.41,18.52,13.17
18/06/2018,9.38,18.48,13.13
15/06/2018,9.50,18.49,13.31
14/06/2018,9.56,18.46,13.32
13/06/2018,9.63,18.43,13.41
12/06/2018,9.64,18.45,13.46
11/06/2018,9.60,18.44,13.45
08/06/2018,9.59,18.47,13.47
07/06/2018,9.53,18.47,13.37
06/06/2018,9.61,18.45,13.41
05/06/2018,9.55,18.52,13.24
04/06/2018,9.52,18.50,13.17
01/06/2018,9.57,18.55,13.23
31/05/2018,9.54,18.61,13.15
30/05/2018,9.48,18.57,13.18
29/05/2018,9.44,18.67,13.23
25/05/2018,9.43,18.53,13.21
24/05/2018,9.51,18.54,13.26
23/05/2018,9.53,18.49,13.23
22/05/2018,9.61,18.48,13.19
21/05/2018,9.65,18.42,13.14
18/05/2018,9.82,18.43,13.31
17/05/2018,9.73,18.38,13.20
16/05/2018,9.72,18.40,13.21
15/05/2018,9.67,18.41,13.13
14/05/2018,9.65,18.52,12.98
11/05/2018,9.74,18.52,13.10
10/05/2018,9.71,18.50,13.07
09/05/2018,9.60,18.51,12.89
08/05/2018,9.54,18.54,12.79
07/05/2018,9.59,18.53,12.81
04/05/2018,9.47,18.51,12.66
03/05/2018,9.47,18.49,12.75
02/05/2018,9.48,18.49,12.84
01/05/2018,9.46,18.51,13.00
30/04/2018,9.47,18.47,13.07
27/04/2018,9.41,18.41,13.03
26/04/2018,9.34,18.46,12.94
25/04/2018,9.51,18.48,13.13
24/04/2018,9.50,18.51,13.07
23/04/2018,9.55,18.54,13.22
20/04/2018,9.61,18.57,13.34
19/04/2018,9.62,18.61,13.30
18/04/2018,9.56,18.59,13.23
17/04/2018,9.51,18.58,13.15
16/04/2018,9.51,18.57,13.13
13/04/2018,9.47,18.61,13.04
12/04/2018,9.46,18.58,13.01
11/04/2018,9.49,18.60,13.02
10/04/2018,9.45,18.62,12.93
09/04/2018,9.47,18.57,13.03
06/04/2018,9.41,18.61,13.00
05/04/2018,9.26,18.58,12.80
04/04/2018,9.34,18.61,12.87
03/04/2018,9.42,18.57,13.02
02/04/2018,9.39,18.56,13.01
29/03/2018,9.44,18.52,13.12
28/03/2018,9.42,18.54,12.95
27/03/2018,9.41,18.53,12.99
26/03/2018,9.43,18.45,13.10
23/03/2018,9.55,18.52,13.22
22/03/2018,9.53,18.55,13.25
21/03/2018,9.50,18.54,13.31
20/03/2018,9.57,18.55,13.42
19/03/2018,9.58,18.55,13.52
16/03/2018,9.58,18.53,13.63
15/03/2018,9.64,18.53,13.66
14/03/2018,9.61,18.51,13.69
13/03/2018,9.55,18.52,13.58
12/03/2018,9.51,18.48,13.45
09/03/2018,9.40,18.49,13.45
08/03/2018,9.43,18.49,13.57
07/03/2018,9.26,18.52,13.34
06/03/2018,9.23,18.59,13.31
05/03/2018,9.28,18.51,13.39
02/03/2018,9.47,18.48,13.63
01/03/2018,9.57,18.53,13.79
28/02/2018,9.55,18.51,13.75
27/02/2018,9.52,18.46,13.61
26/02/2018,9.56,18.46,13.49
23/02/2018,9.60,18.49,13.62
22/02/2018,9.62,18.51,13.59
21/02/2018,9.60,18.51,13.63
20/02/2018,9.63,18.46,13.60
16/02/2018,9.62,18.44,13.57
15/02/2018,9.39,18.54,13.35
14/02/2018,9.38,18.50,13.36
13/02/2018,9.34,18.55,13.34
12/02/2018,9.27,18.52,13.29
09/02/2018,9.38,18.55,13.47
08/02/2018,9.50,18.62,13.57
07/02/2018,9.43,18.61,13.36
06/02/2018,9.63,18.56,13.79
05/02/2018,9.79,18.64,13.95
02/02/2018,9.94,18.66,14.14
01/02/2018,9.98,18.66,14.25
31/01/2018,9.94,18.68,14.23
30/01/2018,10.00,18.72,14.43
29/01/2018,10.02,18.76,14.38
26/01/2018,9.93,18.72,14.37
25/01/2018,9.99,18.74,14.47
24/01/2018,9.96,18.71,14.41
23/01/2018,9.91,18.74,14.33
22/01/2018,9.93,18.76,14.19
19/01/2018,9.92,18.78,14.18
18/01/2018,9.89,18.82,14.13
17/01/2018,9.92,18.82,14.27
16/01/2018,9.91,18.83,14.30
12/01/2018,9.83,18.84,14.23
11/01/2018,9.76,18.82,14.18
10/01/2018,9.71,18.82,14.17
09/01/2018,9.76,18.87,14.19
08/01/2018,9.79,18.87,14.24
05/01/2018,9.75,18.90,14.21
04/01/2018,9.70,18.91,14.16
03/01/2018,9.58,18.88,14.12
02/01/2018,9.55,18.90,13.92
29/12/2017,9.55,18.86,13.92
28/12/2017,9.53,18.88,13.93
27/12/2017,9.51,18.84,13.86
26/12/2017,9.46,18.83,13.73
22/12/2017,9.46,18.82,13.68
21/12/2017,9.48,18.85,13.61
20/12/2017,9.47,18.90,13.63
19/12/2017,9.51,18.91,13.71
18/12/2017,9.37,18.92,13.58
15/12/2017,9.39,18.92,13.65
14/12/2017,9.36,18.86,13.73
13/12/2017,9.36,18.87,13.71
12/12/2017,9.37,18.89,13.66
11/12/2017,9.33,18.89,13.61
08/12/2017,9.31,18.92,13.54
07/12/2017,9.26,18.89,13.59
06/12/2017,9.29,18.88,13.69
05/12/2017,9.35,18.91,13.83
04/12/2017,9.36,18.85,13.75
01/12/2017,9.43,18.88,13.73
30/11/2017,9.42,18.91,13.69
29/11/2017,9.36,18.91,13.59
28/11/2017,9.32,18.90,13.60
27/11/2017,9.33,18.92,13.62
24/11/2017,9.28,18.91,13.60
22/11/2017,9.30,18.87,13.60
21/11/2017,9.29,18.86,13.52
20/11/2017,9.27,18.89,13.36
17/11/2017,9.24,18.88,13.29
16/11/2017,9.26,18.90,13.22
15/11/2017,9.20,18.87,13.17
14/11/2017,9.26,18.86,13.27
13/11/2017,9.20,18.85,13.26
10/11/2017,9.30,18.90,13.29
09/11/2017,9.34,18.92,13.34
08/11/2017,9.52,18.94,13.39
07/11/2017,9.53,18.95,13.47
06/11/2017,9.56,18.93,13.51
03/11/2017,9.52,18.92,13.45
02/11/2017,9.62,18.90,13.64
01/11/2017,9.63,18.90,13.62
31/10/2017,9.58,18.86,13.59
30/10/2017,9.55,18.83,13.52
27/10/2017,9.56,18.84,13.56
26/10/2017,9.53,18.87,13.57
25/10/2017,9.53,18.89,13.61
24/10/2017,9.57,18.87,13.60
23/10/2017,9.56,18.90,13.56
20/10/2017,9.50,18.90,13.55
19/10/2017,9.53,18.94,13.63
18/10/2017,9.54,18.94,13.60
17/10/2017,9.59,18.96,13.66
16/10/2017,9.65,18.93,13.61
13/10/2017,9.61,18.91,13.47
12/10/2017,9.59,18.91,13.45
11/10/2017,9.55,18.90,13.46
10/10/2017,9.50,18.90,13.44
09/10/2017,9.49,18.93,13.45
06/10/2017,9.54,18.95,13.56
05/10/2017,9.53,18.95,13.53
04/10/2017,9.50,18.94,13.48
03/10/2017,9.47,18.92,13.44
02/10/2017,9.47,18.93,13.35
29/09/2017,9.42,18.91,13.33
28/09/2017,9.39,18.96,13.26
27/09/2017,9.41,18.95,13.32
26/09/2017,9.44,18.92,13.34
25/09/2017,9.44,18.91,13.37
22/09/2017,9.43,18.91,13.31
21/09/2017,9.45,18.94,13.35
20/09/2017,9.41,18.93,13.36
19/09/2017,9.44,18.95,13.34
18/09/2017,9.40,18.95,13.09
15/09/2017,9.36,18.94,12.97
14/09/2017,9.39,18.95,12.97
13/09/2017,9.40,18.96,12.99
12/09/2017,9.39,19.02,12.95
11/09/2017,9.31,19.02,12.86
08/09/2017,9.29,18.99,12.85
07/09/2017,9.24,19.01,12.75
06/09/2017,9.23,18.96,12.73
05/09/2017,9.22,18.96,12.69
01/09/2017,9.20,18.97,12.69
31/08/2017,9.12,18.94,12.52
30/08/2017,9.09,18.95,12.47
29/08/2017,9.06,18.93,12.48
28/08/2017,9.11,18.93,12.54
25/08/2017,9.09,18.91,12.56
24/08/2017,9.05,18.92,12.55
23/08/2017,9.05,18.89,12.58
22/08/2017,9.04,18.91,12.62
21/08/2017,9.02,18.91,12.56
18/08/2017,9.00,18.91,12.48
17/08/2017,9.08,18.90,12.81
16/08/2017,9.11,18.88,12.85
15/08/2017,9.09,18.91,12.83
14/08/2017,9.01,18.89,12.78
11/08/2017,9.07,18.90,12.98
10/08/2017,9.14,18.87,12.97
09/08/2017,9.23,18.89,13.06
08/08/2017,9.22,18.89,13.06
07/08/2017,9.20,18.91,13.01
04/08/2017,9.18,18.89,12.95
03/08/2017,9.20,18.90,12.91
02/08/2017,9.22,18.84,12.85
01/08/2017,9.23,18.85,12.89
31/07/2017,9.22,18.83,12.86
28/07/2017,9.26,18.84,12.86
27/07/2017,9.26,18.80,12.89
26/07/2017,9.29,18.85,12.90
25/07/2017,9.26,18.86,12.85
24/07/2017,9.25,18.83,12.86
21/07/2017,9.36,18.83,12.88
20/07/2017,9.35,18.83,12.81
19/07/2017,9.31,18.80,12.78
18/07/2017,9.27,18.80,12.83
17/07/2017,9.25,18.78,12.77
14/07/2017,9.19,18.79,12.64
13/07/2017,9.13,18.75,12.68
12/07/2017,8.99,18.75,12.60
11/07/2017,8.98,18.73,12.55
10/07/2017,8.93,18.74,12.40
07/07/2017,8.92,18.76,12.48
06/07/2017,8.98,18.75,12.56
05/07/2017,9.00,18.75,12.64
03/07/2017,9.05,18.77,12.55
30/06/2017,9.01,18.79,12.42
29/06/2017,8.98,18.82,12.41
28/06/2017,8.98,18.82,12.41
27/06/2017,8.95,18.86,12.44
26/06/2017,9.02,18.85,12.48
23/06/2017,8.92,18.83,12.45
22/06/2017,8.90,18.85,12.49
21/06/2017,8.92,18.82,12.56
20/06/2017,8.96,18.84,12.67
19/06/2017,8.89,18.83,12.55
16/06/2017,8.86,18.87,12.56
15/06/2017,9.03,18.82,12.70
14/06/2017,8.98,18.83,12.65
13/06/2017,8.93,18.85,12.65
12/06/2017,8.99,18.87,12.55
09/06/2017,8.95,18.88,12.49
08/06/2017,9.01,18.90,12.52
07/06/2017,8.98,18.86,12.51
06/06/2017,8.98,18.84,12.49
05/06/2017,8.94,18.86,12.47
02/06/2017,8.90,18.84,12.44
01/06/2017,8.92,18.82,12.52
31/05/2017,8.92,18.82,12.54
30/05/2017,8.94,18.82,12.51
26/05/2017,8.92,18.79,12.52
25/05/2017,8.95,18.81,12.40
24/05/2017,8.91,18.81,12.39
23/05/2017,8.85,18.82,12.27
22/05/2017,8.70,18.85,12.00
19/05/2017,8.77,18.76,12.20
18/05/2017,8.87,18.75,12.30
17/05/2017,8.83,18.75,12.28
16/05/2017,8.78,18.68,12.19
15/05/2017,8.78,18.68,12.18
12/05/2017,8.80,18.69,12.34
11/05/2017,8.81,18.72,12.41
10/05/2017,8.80,18.74,12.47
09/05/2017,8.83,18.73,12.47
08/05/2017,8.72,18.76,12.42
05/05/2017,8.71,18.77,12.42
04/05/2017,8.65,18.74,12.53
03/05/2017,8.64,18.74,12.64
02/05/2017,8.62,18.71,12.67
01/05/2017,8.64,18.70,12.65
28/04/2017,8.60,18.75,12.64
27/04/2017,8.53,18.79,12.51
26/04/2017,8.31,18.76,12.40
25/04/2017,8.31,18.80,12.44
24/04/2017,8.28,18.83,12.45
21/04/2017,8.24,18.77,12.43
20/04/2017,8.26,18.72,12.53
19/04/2017,8.27,18.73,12.59
18/04/2017,8.27,18.67,12.54
17/04/2017,8.23,18.68,12.54
13/04/2017,8.22,18.71,12.52
12/04/2017,8.22,18.70,12.51
11/04/2017,8.25,18.71,12.58
10/04/2017,8.23,18.70,12.48
07/04/2017,8.26,18.65,12.53
06/04/2017,8.27,18.62,12.49
05/04/2017,8.29,18.64,12.55
04/04/2017,8.23,18.60,12.54
03/04/2017,8.24,18.65,12.52
31/03/2017,8.16,18.63,12.39
30/03/2017,8.20,18.62,12.48
29/03/2017,8.17,18.65,12.52
28/03/2017,8.11,18.61,12.48
27/03/2017,8.20,18.58,12.65
24/03/2017,8.20,18.56,12.67
23/03/2017,8.17,18.54,12.67
22/03/2017,8.19,18.55,12.68
21/03/2017,8.07,18.44,12.55
20/03/2017,8.06,18.43,12.54
17/03/2017,8.07,18.48,12.66
16/03/2017,8.06,18.46,12.66
15/03/2017,8.03,18.53,12.70
14/03/2017,8.05,18.57,12.64
13/03/2017,8.02,18.58,12.68
10/03/2017,8.02,18.57,12.69
09/03/2017,8.04,18.57,12.67
08/03/2017,8.08,18.60,12.84
07/03/2017,8.08,18.69,12.82
06/03/2017,8.06,18.68,12.79
03/03/2017,8.04,18.72,12.76
02/03/2017,8.03,18.66,12.70
01/03/2017,8.08,18.63,12.86
28/02/2017,8.00,18.63,12.88
27/02/2017,8.02,18.64,12.91
24/02/2017,8.00,18.64,13.00
23/02/2017,7.96,18.61,12.94
22/02/2017,7.99,18.57,13.05
21/02/2017,7.95,18.60,13.04
17/02/2017,7.96,18.63,13.00
16/02/2017,7.96,18.64,13.08
15/02/2017,7.90,18.64,12.94
14/02/2017,7.92,18.68,12.92
13/02/2017,7.89,18.64,12.95
10/02/2017,7.89,18.64,12.91
09/02/2017,7.90,18.58,12.94
08/02/2017,7.92,18.59,12.96
07/02/2017,7.91,18.58,12.91
06/02/2017,7.92,18.59,12.93
03/02/2017,7.85,18.57,12.88
02/02/2017,7.82,18.56,12.88
01/02/2017,7.90,18.53,13.00
31/01/2017,7.91,18.52,13.06
30/01/2017,7.93,18.56,13.22
27/01/2017,7.82,18.61,13.08
26/01/2017,7.76,18.56,12.94
25/01/2017,7.76,18.55,12.87
24/01/2017,7.74,18.60,12.72
23/01/2017,7.78,18.66,12.77
20/01/2017,7.80,18.63,12.77
19/01/2017,7.79,18.63,12.75
18/01/2017,7.81,18.65,12.79
17/01/2017,7.81,18.65,12.84
13/01/2017,7.74,18.63,12.72
12/01/2017,7.75,18.63,12.74
11/01/2017,7.73,18.61,12.65
10/01/2017,7.75,18.67,12.62
09/01/2017,7.74,18.59,12.71
06/01/2017,7.69,18.61,12.62
05/01/2017,7.64,18.62,12.50
04/01/2017,7.70,18.61,12.46
03/01/2017,7.67,18.57,12.50
30/12/2016,7.61,18.52,12.43
29/12/2016,7.61,18.46,12.49
28/12/2016,7.61,18.48,12.41
27/12/2016,7.58,18.47,12.33
23/12/2016,7.60,18.47,12.34
22/12/2016,7.60,18.45,12.39
21/12/2016,7.58,18.45,12.32
20/12/2016,7.60,18.41,12.35
19/12/2016,7.58,18.44,12.36
16/12/2016,7.52,18.53,12.31
15/12/2016,7.65,18.59,12.49
14/12/2016,7.68,18.59,12.57
13/12/2016,7.65,18.59,12.73
12/12/2016,7.62,18.65,12.75
09/12/2016,7.62,18.66,12.53
08/12/2016,7.62,18.64,12.39
07/12/2016,7.57,18.64,12.27
06/12/2016,7.59,18.64,12.28
05/12/2016,7.56,18.59,12.18
02/12/2016,7.58,18.63,12.17
01/12/2016,7.59,18.67,12.01
30/11/2016,7.53,18.66,11.97
29/11/2016,7.56,18.61,12.10
28/11/2016,7.58,18.63,12.10
25/11/2016,7.55,18.62,12.02
23/11/2016,7.48,18.67,11.94
22/11/2016,7.51,18.66,11.88
21/11/2016,7.49,18.69,11.84
18/11/2016,7.48,18.74,11.72
17/11/2016,7.50,18.78,11.73
16/11/2016,7.50,18.76,11.73
15/11/2016,7.51,18.77,11.71
14/11/2016,7.46,18.82,11.65
11/11/2016,7.53,18.85,11.60
10/11/2016,7.56,18.88,11.72
09/11/2016,7.58,18.96,11.58
08/11/2016,7.74,18.97,11.61
07/11/2016,7.75,19.00,11.53
04/11/2016,7.66,19.00,11.48
03/11/2016,7.69,19.00,11.54
02/11/2016,7.74,18.99,11.58
01/11/2016,7.81,18.96,11.52
31/10/2016,7.80,18.96,11.51
28/10/2016,7.81,18.97,11.58
27/10/2016,7.86,18.98,11.57
26/10/2016,7.94,18.99,11.62
25/10/2016,7.99,19.00,11.58
24/10/2016,7.95,18.99,11.50
21/10/2016,8.03,18.99,11.57
20/10/2016,7.99,18.99,11.55
19/10/2016,7.98,18.98,11.50
18/10/2016,7.92,18.98,11.47
17/10/2016,7.97,18.99,11.53
14/10/2016,7.81,18.98,11.42
13/10/2016,7.87,18.98,11.56
12/10/2016,7.94,19.00,11.63
11/10/2016,8.04,19.01,11.67
10/10/2016,8.03,19.01,11.65
07/10/2016,8.10,19.02,11.69
06/10/2016,8.09,19.02,11.64
05/10/2016,8.11,19.04,11.70
04/10/2016,8.10,19.02,11.67
03/10/2016,8.08,19.03,11.64
30/09/2016,8.16,19.03,11.73
29/09/2016,8.11,19.03,11.65
28/09/2016,8.03,19.02,11.63
27/09/2016,8.04,19.01,11.65
26/09/2016,8.11,19.00,11.75
23/09/2016,8.19,18.98,11.80
22/09/2016,8.02,18.98,11.70
21/09/2016,8.00,18.98,11.63
20/09/2016,7.98,18.99,11.69
19/09/2016,7.90,19.00,11.61
16/09/2016,7.92,18.99,11.64
15/09/2016,7.94,18.98,11.64
14/09/2016,7.97,18.98,11.75
13/09/2016,7.95,18.99,11.83
12/09/2016,8.09,19.00,11.95
09/09/2016,8.20,19.03,12.11
08/09/2016,8.25,19.02,12.19
07/09/2016,8.20,19.01,12.14
06/09/2016,8.17,19.00,12.10
02/09/2016,8.14,19.00,12.03
01/09/2016,8.04,18.98,11.99
31/08/2016,8.04,18.98,12.04
30/08/2016,8.08,18.98,12.02
29/08/2016,8.06,18.96,11.85
26/08/2016,8.12,18.97,11.93
25/08/2016,8.11,18.97,12.00
24/08/2016,8.14,18.97,12.03
23/08/2016,8.16,18.97,12.06
22/08/2016,8.10,18.96,11.91
19/08/2016,8.06,18.98,11.75
18/08/2016,8.10,18.96,11.78
17/08/2016,7.93,18.95,11.79
16/08/2016,8.01,18.96,11.89
15/08/2016,7.99,18.95,11.81
12/08/2016,7.94,18.97,11.75
11/08/2016,7.90,18.96,11.76
10/08/2016,7.96,18.97,11.73
09/08/2016,7.93,18.97,11.64
08/08/2016,7.87,18.98,11.55
05/08/2016,7.85,18.95,11.45
04/08/2016,7.82,18.95,11.59
03/08/2016,7.86,18.98,11.67
02/08/2016,7.85,18.96,11.62
01/08/2016,7.83,18.93,11.61
29/07/2016,7.85,18.93,11.64
28/07/2016,7.83,18.91,11.72
27/07/2016,7.78,18.91,11.69
26/07/2016,7.75,18.91,11.61
25/07/2016,7.76,18.92,11.68
22/07/2016,7.76,18.93,11.77
21/07/2016,7.71,18.94,11.72
20/07/2016,7.69,18.92,11.75
19/07/2016,7.71,18.93,11.74
18/07/2016,7.71,18.95,11.75
15/07/2016,7.75,18.96,11.70
14/07/2016,7.69,18.94,11.50
13/07/2016,7.68,18.97,11.49
12/07/2016,7.61,18.98,11.38
11/07/2016,7.48,18.97,11.25
08/07/2016,7.47,18.99,11.27
07/07/2016,7.38,18.99,11.17
06/07/2016,7.49,18.96,11.27
05/07/2016,7.58,18.97,11.39
01/07/2016,7.63,18.93,11.38
30/06/2016,7.50,18.92,11.16
29/06/2016,7.44,18.93,11.13
28/06/2016,7.26,18.91,11.01
27/06/2016,7.13,18.87,10.95
24/06/2016,7.41,18.82,11.15
23/06/2016,7.77,18.84,11.46
22/06/2016,7.68,18.85,11.45
21/06/2016,7.75,18.87,11.51
20/06/2016,7.57,18.89,11.34
17/06/2016,7.39,18.87,11.22
16/06/2016,7.53,18.86,11.35