Date,AAPL,MSFT,AMZN,GOOGL,BRK-B,TSLA,NVDA,GOOG,UNH,JPM,AVGO,V,BAC,HD,MA,MRK,ABBV,LLY,UPS,CAT
02/01/2020,0.20,0.20,0.04,-0.10,-0.10,0.02,-0.02,-0.10,0.16,0.20,-0.01,0.20,-0.09,0.13,0.20,0.11,-0.07,0.20,-0.10,-0.08
03/01/2020,0.20,0.20,0.05,-0.10,-0.10,0.02,-0.02,-0.10,0.15,0.20,0.00,0.20,-0.10,0.12,0.20,0.12,-0.07,0.20,-0.10,-0.07
06/01/2020,0.20,0.20,0.03,-0.10,-0.10,0.03,-0.02,-0.10,0.15,0.20,0.00,0.20,-0.10,0.14,0.20,0.12,-0.08,0.20,-0.10,-0.07
07/01/2020,0.20,0.20,0.03,-0.10,-0.10,0.03,-0.02,-0.10,0.15,0.20,0.00,0.20,-0.10,0.15,0.20,0.11,-0.08,0.20,-0.10,-0.07
08/01/2020,0.20,0.20,0.04,-0.10,-0.10,0.03,-0.02,-0.10,0.16,0.20,0.00,0.20,-0.10,0.15,0.20,0.09,-0.07,0.20,-0.10,-0.07
09/01/2020,0.20,0.20,0.03,-0.10,-0.10,0.04,-0.02,-0.10,0.18,0.20,-0.02,0.20,-0.10,0.14,0.20,0.09,-0.07,0.20,-0.10,-0.07
10/01/2020,0.20,0.20,0.02,-0.10,-0.10,0.04,-0.02,-0.10,0.17,0.20,-0.02,0.20,-0.10,0.17,0.20,0.07,-0.05,0.20,-0.10,-0.08
13/01/2020,0.20,0.20,0.01,-0.10,-0.10,0.04,-0.01,-0.10,0.18,0.20,-0.02,0.20,-0.10,0.17,0.20,0.07,-0.05,0.20,-0.10,-0.08
14/01/2020,0.20,0.20,0.00,-0.10,-0.10,0.05,0.00,-0.10,0.16,0.20,-0.03,0.20,-0.10,0.18,0.20,0.08,-0.06,0.20,-0.10,-0.08
15/01/2020,0.20,0.20,0.00,-0.10,-0.10,0.05,0.00,-0.10,0.16,0.20,-0.03,0.20,-0.10,0.18,0.20,0.08,-0.06,0.20,-0.10,-0.08
16/01/2020,0.20,0.20,0.00,-0.10,-0.10,0.04,0.00,-0.10,0.19,0.20,-0.04,0.20,-0.10,0.15,0.20,0.10,-0.06,0.20,-0.10,-0.08
17/01/2020,0.20,0.20,-0.01,-0.10,-0.10,0.04,-0.01,-0.10,0.19,0.20,-0.03,0.20,-0.10,0.17,0.20,0.10,-0.06,0.20,-0.10,-0.08
21/01/2020,0.20,0.20,0.00,-0.10,-0.10,0.04,0.00,-0.10,0.19,0.20,-0.04,0.20,-0.10,0.15,0.20,0.10,-0.06,0.20,-0.10,-0.08
22/01/2020,0.20,0.20,0.00,-0.10,-0.10,0.04,0.00,-0.10,0.19,0.20,-0.04,0.20,-0.10,0.15,0.20,0.10,-0.06,0.20,-0.10,-0.08
23/01/2020,0.20,0.20,-0.01,-0.10,-0.10,0.05,-0.01,-0.10,0.19,0.20,-0.04,0.20,-0.10,0.19,0.20,0.08,-0.06,0.20,-0.10,-0.10
24/01/2020,0.20,0.20,0.00,-0.10,-0.10,0.04,0.00,-0.10,0.19,0.20,-0.04,0.20,-0.10,0.15,0.20,0.10,-0.06,0.20,-0.10,-0.08
27/01/2020,0.20,0.20,-0.01,-0.10,-0.10,0.05,-0.01,-0.10,0.19,0.20,-0.03,0.20,-0.10,0.20,0.20,0.07,-0.07,0.20,-0.10,-0.10
28/01/2020,0.20,0.20,-0.01,-0.10,-0.10,0.05,-0.01,-0.10,0.19,0.20,-0.03,0.20,-0.10,0.20,0.20,0.07,-0.07,0.20,-0.10,-0.10
29/01/2020,0.20,0.20,-0.01,-0.10,-0.10,0.05,-0.01,-0.10,0.19,0.20,-0.03,0.20,-0.10,0.20,0.20,0.07,-0.07,0.20,-0.10,-0.10
30/01/2020,0.20,0.20,-0.01,-0.10,-0.10,0.05,-0.01,-0.10,0.19,0.20,-0.03,0.20,-0.10,0.20,0.20,0.07,-0.07,0.20,-0.10,-0.10
31/01/2020,0.20,0.20,-0.01,-0.10,-0.10,0.05,-0.01,-0.10,0.19,0.20,-0.03,0.20,-0.10,0.20,0.20,0.07,-0.07,0.20,-0.10,-0.10
03/02/2020,0.20,0.20,-0.01,-0.10,-0.10,0.05,-0.01,-0.10,0.19,0.20,-0.03,0.20,-0.10,0.20,0.20,0.07,-0.07,0.20,-0.10,-0.10
04/02/2020,0.20,0.20,-0.01,-0.10,-0.10,0.05,-0.01,-0.10,0.19,0.20,-0.03,0.20,-0.10,0.20,0.20,0.07,-0.07,0.20,-0.10,-0.10
05/02/2020,0.20,0.20,0.07,-0.10,-0.10,0.11,-0.04,-0.10,0.16,0.20,-0.07,0.20,-0.10,0.20,0.20,0.04,-0.06,0.20,-0.10,-0.10
06/02/2020,0.20,0.20,0.07,-0.10,-0.10,0.11,-0.04,-0.10,0.16,0.20,-0.07,0.20,-0.10,0.20,0.20,0.04,-0.06,0.20,-0.10,-0.10
07/02/2020,0.20,0.20,0.07,-0.10,-0.10,0.11,-0.04,-0.10,0.16,0.20,-0.07,0.20,-0.10,0.20,0.20,0.04,-0.06,0.20,-0.10,-0.10
10/02/2020,0.20,0.20,0.07,-0.10,-0.10,0.11,-0.04,-0.10,0.16,0.20,-0.07,0.20,-0.10,0.20,0.20,0.04,-0.06,0.20,-0.10,-0.10
11/02/2020,0.20,0.20,0.07,-0.10,-0.10,0.11,-0.04,-0.10,0.16,0.20,-0.07,0.20,-0.10,0.20,0.20,0.04,-0.06,0.20,-0.10,-0.10
12/02/2020,0.20,0.20,0.07,-0.10,-0.10,0.11,-0.04,-0.10,0.16,0.20,-0.07,0.20,-0.10,0.20,0.20,0.04,-0.06,0.20,-0.10,-0.10
13/02/2020,0.20,0.20,0.07,-0.10,-0.10,0.11,-0.04,-0.10,0.16,0.20,-0.07,0.20,-0.10,0.20,0.20,0.04,-0.06,0.20,-0.10,-0.10
14/02/2020,0.20,0.20,0.07,-0.10,-0.10,0.11,-0.04,-0.10,0.16,0.20,-0.07,0.20,-0.10,0.20,0.20,0.04,-0.06,0.20,-0.10,-0.10
18/02/2020,0.20,0.20,0.07,-0.10,-0.10,0.11,-0.04,-0.10,0.16,0.20,-0.07,0.20,-0.10,0.20,0.20,0.04,-0.06,0.20,-0.10,-0.10
19/02/2020,0.20,0.20,0.07,-0.10,-0.10,0.11,-0.04,-0.10,0.16,0.20,-0.07,0.20,-0.10,0.20,0.20,0.04,-0.06,0.20,-0.10,-0.10
20/02/2020,0.17,0.20,0.04,-0.10,-0.10,0.11,0.02,-0.10,0.20,0.20,-0.09,0.20,-0.10,0.20,0.20,-0.03,-0.02,0.20,-0.10,-0.10
21/02/2020,0.17,0.20,0.04,-0.10,-0.10,0.11,0.02,-0.10,0.20,0.20,-0.09,0.20,-0.10,0.20,0.20,-0.03,-0.02,0.20,-0.10,-0.10
24/02/2020,0.17,0.20,0.04,-0.10,-0.10,0.11,0.02,-0.10,0.20,0.20,-0.09,0.20,-0.10,0.20,0.20,-0.03,-0.02,0.20,-0.10,-0.10
25/02/2020,0.15,0.20,0.04,-0.10,-0.10,0.12,0.03,-0.10,0.19,0.20,-0.10,0.20,-0.10,0.20,0.20,-0.02,-0.01,0.20,-0.10,-0.10
26/02/2020,0.15,0.20,0.06,-0.10,-0.10,0.13,0.02,-0.10,0.16,0.20,-0.10,0.20,-0.10,0.20,0.20,0.00,-0.01,0.20,-0.10,-0.10
27/02/2020,0.15,0.20,0.06,-0.10,-0.10,0.13,0.02,-0.10,0.16,0.20,-0.10,0.20,-0.10,0.20,0.20,0.00,-0.01,0.20,-0.10,-0.10
28/02/2020,0.14,0.20,0.08,-0.10,-0.10,0.12,0.04,-0.10,0.16,0.16,-0.10,0.20,-0.10,0.20,0.20,0.01,-0.02,0.20,-0.10,-0.10
02/03/2020,0.14,0.20,0.08,-0.10,-0.10,0.12,0.04,-0.10,0.16,0.16,-0.10,0.20,-0.10,0.20,0.20,0.01,-0.02,0.20,-0.10,-0.10
03/03/2020,0.15,0.20,0.06,-0.10,-0.10,0.13,0.02,-0.10,0.16,0.20,-0.10,0.20,-0.10,0.20,0.20,0.00,-0.01,0.20,-0.10,-0.10
04/03/2020,0.14,0.20,0.08,-0.10,-0.10,0.12,0.04,-0.10,0.16,0.16,-0.10,0.20,-0.10,0.20,0.20,0.01,-0.02,0.20,-0.10,-0.10
05/03/2020,0.17,0.20,0.04,-0.10,-0.10,0.11,0.06,-0.10,0.20,0.11,-0.10,0.20,-0.10,0.20,0.20,0.03,-0.02,0.20,-0.10,-0.10
06/03/2020,0.18,0.20,0.04,-0.10,-0.10,0.11,0.06,-0.10,0.20,0.08,-0.10,0.20,-0.10,0.20,0.20,0.04,-0.02,0.20,-0.10,-0.10
09/03/2020,0.19,0.20,0.05,-0.10,-0.10,0.12,0.06,-0.10,0.20,0.03,-0.10,0.20,-0.10,0.20,0.20,0.07,-0.02,0.20,-0.10,-0.10
10/03/2020,0.20,0.20,0.09,-0.10,-0.10,0.12,0.08,-0.10,0.20,-0.08,-0.10,0.20,-0.10,0.20,0.20,0.12,-0.02,0.20,-0.10,-0.10
11/03/2020,0.20,0.20,0.06,-0.10,-0.10,0.11,0.06,-0.10,0.20,-0.02,-0.10,0.20,-0.10,0.20,0.20,0.12,-0.04,0.20,-0.10,-0.10
12/03/2020,0.20,0.20,0.08,-0.10,-0.10,0.11,0.06,-0.10,0.20,-0.04,-0.10,0.20,-0.10,0.20,0.20,0.13,-0.03,0.20,-0.10,-0.10
13/03/2020,0.20,0.20,0.12,-0.10,-0.10,0.12,0.07,-0.10,0.20,-0.10,-0.10,0.20,-0.10,0.20,0.20,0.13,-0.04,0.20,-0.10,-0.10
16/03/2020,0.20,0.20,0.08,-0.10,-0.10,0.11,0.06,-0.10,0.20,-0.04,-0.10,0.20,-0.10,0.20,0.20,0.13,-0.03,0.20,-0.10,-0.10
17/03/2020,0.20,0.20,0.12,-0.10,-0.10,0.12,0.07,-0.10,0.20,-0.10,-0.10,0.20,-0.10,0.20,0.20,0.13,-0.04,0.20,-0.10,-0.10
18/03/2020,0.20,0.20,0.17,-0.10,-0.10,0.07,0.04,-0.10,0.20,0.06,-0.10,0.20,-0.10,0.09,0.20,0.14,-0.08,0.20,-0.10,-0.10
19/03/2020,0.20,0.20,0.20,-0.10,-0.10,0.06,0.07,-0.10,0.20,0.02,-0.10,0.20,-0.10,0.03,0.20,0.18,-0.06,0.20,-0.10,-0.10
20/03/2020,0.20,0.20,0.20,-0.10,-0.10,0.09,0.07,-0.10,0.20,0.01,-0.10,0.20,-0.10,0.05,0.20,0.15,-0.07,0.20,-0.10,-0.10
23/03/2020,0.20,0.20,0.20,-0.10,-0.10,0.11,0.09,-0.10,0.20,0.01,-0.10,0.20,-0.10,-0.02,0.20,0.20,-0.08,0.20,-0.10,-0.10
24/03/2020,0.20,0.20,0.20,-0.10,-0.10,0.11,0.10,-0.10,0.19,-0.10,-0.10,0.20,-0.10,0.15,0.20,0.14,-0.10,0.20,-0.10,-0.10
25/03/2020,0.16,0.20,0.20,-0.10,-0.10,0.10,0.09,-0.10,0.20,-0.02,-0.10,0.20,-0.10,0.20,0.20,0.07,-0.10,0.20,-0.10,-0.10
26/03/2020,0.16,0.20,0.20,-0.10,-0.10,0.10,0.09,-0.10,0.20,-0.02,-0.10,0.20,-0.10,0.20,0.20,0.07,-0.10,0.20,-0.10,-0.10
27/03/2020,0.20,0.20,0.08,-0.10,-0.10,0.11,0.06,-0.10,0.20,-0.04,-0.10,0.20,-0.10,0.20,0.20,0.13,-0.03,0.20,-0.10,-0.10
30/03/2020,0.20,0.20,0.08,-0.10,-0.10,0.11,0.06,-0.10,0.20,-0.04,-0.10,0.20,-0.10,0.20,0.20,0.13,-0.03,0.20,-0.10,-0.10
31/03/2020,0.20,0.20,0.08,-0.10,-0.10,0.11,0.06,-0.10,0.20,-0.04,-0.10,0.20,-0.10,0.20,0.20,0.13,-0.03,0.20,-0.10,-0.10
01/04/2020,0.20,0.20,0.08,-0.10,-0.10,0.11,0.06,-0.10,0.20,-0.04,-0.10,0.20,-0.10,0.20,0.20,0.13,-0.03,0.20,-0.10,-0.10
02/04/2020,0.16,0.20,0.20,-0.10,-0.10,0.10,0.09,-0.10,0.20,-0.02,-0.10,0.20,-0.10,0.20,0.20,0.07,-0.10,0.20,-0.10,-0.10
03/04/2020,0.16,0.20,0.20,-0.10,-0.10,0.10,0.09,-0.10,0.20,-0.02,-0.10,0.20,-0.10,0.20,0.20,0.07,-0.10,0.20,-0.10,-0.10
06/04/2020,0.12,0.20,0.17,-0.10,-0.10,0.07,0.12,-0.10,0.20,-0.08,-0.10,0.19,-0.10,0.16,0.20,0.20,-0.08,0.20,-0.10,-0.08
07/04/2020,0.14,0.20,0.13,-0.10,-0.10,0.06,0.11,-0.10,0.20,-0.02,-0.10,0.20,-0.10,0.18,0.20,0.19,-0.10,0.20,-0.10,-0.08
08/04/2020,0.14,0.20,0.13,-0.10,-0.10,0.06,0.11,-0.10,0.20,-0.02,-0.10,0.20,-0.10,0.18,0.20,0.19,-0.10,0.20,-0.10,-0.08
09/04/2020,0.13,0.20,0.11,-0.10,-0.10,0.06,0.10,-0.10,0.20,0.03,-0.10,0.20,-0.10,0.14,0.20,0.18,-0.08,0.20,-0.10,-0.08
13/04/2020,0.13,0.20,0.11,-0.10,-0.10,0.06,0.10,-0.10,0.20,0.03,-0.10,0.20,-0.10,0.14,0.20,0.18,-0.08,0.20,-0.10,-0.08
14/04/2020,0.13,0.20,0.11,-0.10,-0.10,0.06,0.10,-0.10,0.20,0.03,-0.10,0.20,-0.10,0.14,0.20,0.18,-0.08,0.20,-0.10,-0.08
15/04/2020,0.14,0.20,0.15,-0.10,-0.10,0.09,0.09,-0.10,0.20,0.02,-0.10,0.12,-0.10,0.20,0.20,0.16,-0.07,0.20,-0.10,-0.10
16/04/2020,0.14,0.20,0.15,-0.10,-0.10,0.09,0.09,-0.10,0.20,0.02,-0.10,0.12,-0.10,0.20,0.20,0.16,-0.07,0.20,-0.10,-0.10
17/04/2020,0.14,0.20,0.15,-0.10,-0.10,0.09,0.09,-0.10,0.20,0.02,-0.10,0.12,-0.10,0.20,0.20,0.16,-0.07,0.20,-0.10,-0.10
20/04/2020,0.14,0.20,0.15,-0.10,-0.10,0.09,0.09,-0.10,0.20,0.02,-0.10,0.12,-0.10,0.20,0.20,0.16,-0.07,0.20,-0.10,-0.10
21/04/2020,0.14,0.20,0.15,-0.10,-0.10,0.09,0.09,-0.10,0.20,0.02,-0.10,0.12,-0.10,0.20,0.20,0.16,-0.07,0.20,-0.10,-0.10
22/04/2020,0.14,0.20,0.20,-0.10,-0.10,0.10,0.09,-0.10,0.20,-0.01,-0.10,0.04,-0.10,0.20,0.20,0.20,-0.06,0.20,-0.10,-0.10
23/04/2020,0.14,0.20,0.20,-0.10,-0.10,0.10,0.09,-0.10,0.20,-0.01,-0.10,0.04,-0.10,0.20,0.20,0.20,-0.06,0.20,-0.10,-0.10
24/04/2020,0.14,0.20,0.20,-0.10,-0.10,0.10,0.09,-0.10,0.20,-0.01,-0.10,0.04,-0.10,0.20,0.20,0.20,-0.06,0.20,-0.10,-0.10
27/04/2020,0.15,0.20,0.20,-0.10,-0.10,0.10,0.08,-0.10,0.20,-0.01,-0.10,0.05,-0.10,0.20,0.20,0.20,-0.06,0.20,-0.10,-0.10
28/04/2020,0.15,0.20,0.20,-0.10,-0.10,0.10,0.08,-0.10,0.20,-0.01,-0.10,0.05,-0.10,0.20,0.20,0.20,-0.06,0.20,-0.10,-0.10
29/04/2020,0.15,0.20,0.20,-0.10,-0.10,0.10,0.08,-0.10,0.20,-0.01,-0.10,0.05,-0.10,0.20,0.20,0.20,-0.06,0.20,-0.10,-0.10
30/04/2020,0.10,0.20,0.13,-0.10,-0.10,0.10,0.08,-0.10,0.20,0.07,-0.10,0.14,-0.10,0.20,0.20,0.14,-0.08,0.20,-0.10,-0.10
01/05/2020,0.13,0.20,0.17,-0.10,-0.10,0.10,0.07,-0.10,0.20,0.05,-0.10,0.12,-0.10,0.20,0.20,0.13,-0.08,0.20,-0.10,-0.10
04/05/2020,0.15,0.20,0.14,-0.10,-0.10,0.10,0.08,-0.10,0.20,0.04,-0.10,0.14,-0.10,0.20,0.20,0.12,-0.07,0.20,-0.10,-0.10
05/05/2020,0.15,0.20,0.14,-0.10,-0.10,0.10,0.08,-0.10,0.20,0.04,-0.10,0.14,-0.10,0.20,0.20,0.12,-0.07,0.20,-0.10,-0.10
06/05/2020,0.15,0.20,0.14,-0.10,-0.10,0.10,0.08,-0.10,0.20,0.04,-0.10,0.14,-0.10,0.20,0.20,0.12,-0.07,0.20,-0.10,-0.10
07/05/2020,0.15,0.20,0.14,-0.10,-0.10,0.10,0.08,-0.10,0.20,0.04,-0.10,0.14,-0.10,0.20,0.20,0.12,-0.07,0.20,-0.10,-0.10
08/05/2020,0.15,0.20,0.14,-0.10,-0.10,0.10,0.08,-0.10,0.20,0.04,-0.10,0.14,-0.10,0.20,0.20,0.12,-0.07,0.20,-0.10,-0.10
11/05/2020,0.15,0.20,0.14,-0.10,-0.10,0.10,0.08,-0.10,0.20,0.04,-0.10,0.14,-0.10,0.20,0.20,0.12,-0.07,0.20,-0.10,-0.10
12/05/2020,0.15,0.20,0.14,-0.10,-0.10,0.10,0.08,-0.10,0.20,0.04,-0.10,0.14,-0.10,0.20,0.20,0.12,-0.07,0.20,-0.10,-0.10
13/05/2020,0.15,0.20,0.14,-0.10,-0.10,0.10,0.08,-0.10,0.20,0.04,-0.10,0.14,-0.10,0.20,0.20,0.12,-0.07,0.20,-0.10,-0.10
14/05/2020,0.15,0.20,0.14,-0.10,-0.10,0.10,0.08,-0.10,0.20,0.04,-0.10,0.14,-0.10,0.20,0.20,0.12,-0.07,0.20,-0.10,-0.10
15/05/2020,0.15,0.20,0.14,-0.10,-0.10,0.10,0.08,-0.10,0.20,0.04,-0.10,0.14,-0.10,0.20,0.20,0.12,-0.07,0.20,-0.10,-0.10
18/05/2020,0.15,0.20,0.14,-0.10,-0.10,0.10,0.08,-0.10,0.20,0.04,-0.10,0.14,-0.10,0.20,0.20,0.12,-0.07,0.20,-0.10,-0.10
19/05/2020,0.15,0.20,0.11,-0.10,-0.10,0.10,0.04,-0.10,0.20,0.03,-0.10,0.20,-0.10,0.20,0.20,0.09,-0.02,0.20,-0.10,-0.10
20/05/2020,0.15,0.20,0.11,-0.10,-0.10,0.10,0.04,-0.10,0.20,0.03,-0.10,0.20,-0.10,0.20,0.20,0.09,-0.02,0.20,-0.10,-0.10
21/05/2020,0.15,0.20,0.11,-0.10,-0.10,0.10,0.04,-0.10,0.20,0.03,-0.10,0.20,-0.10,0.20,0.20,0.09,-0.02,0.20,-0.10,-0.10
22/05/2020,0.15,0.20,0.11,-0.10,-0.10,0.10,0.04,-0.10,0.20,0.03,-0.10,0.20,-0.10,0.20,0.20,0.09,-0.02,0.20,-0.10,-0.10
26/05/2020,0.15,0.20,0.11,-0.10,-0.10,0.10,0.04,-0.10,0.20,0.03,-0.10,0.20,-0.10,0.20,0.20,0.09,-0.02,0.20,-0.10,-0.10
27/05/2020,0.15,0.20,0.11,-0.10,-0.10,0.10,0.04,-0.10,0.20,0.03,-0.10,0.20,-0.10,0.20,0.20,0.09,-0.02,0.20,-0.10,-0.10
28/05/2020,0.15,0.20,0.11,-0.10,-0.10,0.10,0.04,-0.10,0.20,0.03,-0.10,0.20,-0.10,0.20,0.20,0.09,-0.02,0.20,-0.10,-0.10
29/05/2020,0.15,0.20,0.11,-0.10,-0.10,0.10,0.04,-0.10,0.20,0.03,-0.10,0.20,-0.10,0.20,0.20,0.09,-0.02,0.20,-0.10,-0.10
01/06/2020,0.15,0.20,0.11,-0.10,-0.10,0.10,0.04,-0.10,0.20,0.03,-0.10,0.20,-0.10,0.20,0.20,0.09,-0.02,0.20,-0.10,-0.10
02/06/2020,0.15,0.20,0.11,-0.10,-0.10,0.10,0.04,-0.10,0.20,0.03,-0.10,0.20,-0.10,0.20,0.20,0.09,-0.02,0.20,-0.10,-0.10
03/06/2020,0.15,0.20,0.11,-0.10,-0.10,0.10,0.04,-0.10,0.20,0.03,-0.10,0.20,-0.10,0.20,0.20,0.09,-0.02,0.20,-0.10,-0.10
04/06/2020,0.15,0.20,0.09,-0.10,-0.10,0.09,0.02,-0.10,0.20,0.18,-0.10,0.17,-0.10,0.20,0.20,0.06,-0.05,0.20,-0.10,-0.10
05/06/2020,0.15,0.20,0.09,-0.10,-0.10,0.09,0.02,-0.10,0.20,0.19,-0.10,0.15,-0.10,0.20,0.20,0.06,-0.05,0.20,-0.10,-0.10
08/06/2020,0.15,0.20,0.08,-0.10,-0.10,0.08,0.00,-0.10,0.20,0.20,-0.10,0.17,-0.10,0.20,0.20,0.06,-0.05,0.20,-0.10,-0.10
09/06/2020,0.15,0.20,0.08,-0.10,-0.10,0.08,0.00,-0.10,0.20,0.20,-0.10,0.17,-0.10,0.20,0.20,0.06,-0.05,0.20,-0.10,-0.10
10/06/2020,0.15,0.20,0.08,-0.10,-0.10,0.08,0.00,-0.10,0.20,0.20,-0.10,0.17,-0.10,0.20,0.20,0.06,-0.05,0.20,-0.10,-0.10
11/06/2020,0.20,0.20,0.11,-0.10,-0.10,0.10,0.01,-0.10,0.20,0.12,-0.10,0.14,-0.10,0.20,0.20,0.07,-0.04,0.20,-0.10,-0.10
12/06/2020,0.20,0.20,0.15,-0.10,-0.10,0.10,0.01,-0.10,0.20,0.07,-0.10,0.15,-0.10,0.20,0.20,0.07,-0.05,0.20,-0.10,-0.10
15/06/2020,0.20,0.20,0.13,-0.10,-0.10,0.09,0.01,-0.10,0.20,0.10,-0.10,0.18,-0.10,0.20,0.20,0.04,-0.05,0.20,-0.10,-0.10
16/06/2020,0.20,0.20,0.13,-0.10,-0.10,0.09,0.01,-0.10,0.20,0.10,-0.10,0.18,-0.10,0.20,0.20,0.04,-0.05,0.20,-0.10,-0.10
17/06/2020,0.20,0.20,0.12,-0.10,-0.10,0.10,0.00,-0.10,0.20,0.11,-0.09,0.16,-0.10,0.20,0.20,0.04,-0.04,0.20,-0.10,-0.10
18/06/2020,0.20,0.20,0.12,-0.10,-0.10,0.10,0.00,-0.10,0.20,0.11,-0.09,0.16,-0.10,0.20,0.20,0.04,-0.04,0.20,-0.10,-0.10
19/06/2020,0.20,0.20,0.12,-0.10,-0.10,0.10,0.00,-0.10,0.20,0.11,-0.09,0.16,-0.10,0.20,0.20,0.04,-0.04,0.20,-0.10,-0.10
22/06/2020,0.20,0.20,0.12,-0.10,-0.10,0.10,0.00,-0.10,0.20,0.11,-0.09,0.16,-0.10,0.20,0.20,0.04,-0.04,0.20,-0.10,-0.10
23/06/2020,0.20,0.20,0.12,-0.10,-0.10,0.10,0.00,-0.10,0.20,0.11,-0.09,0.16,-0.10,0.20,0.20,0.04,-0.04,0.20,-0.10,-0.10
24/06/2020,0.20,0.20,0.12,-0.10,-0.10,0.10,0.00,-0.10,0.20,0.11,-0.09,0.16,-0.10,0.20,0.20,0.04,-0.04,0.20,-0.10,-0.10
25/06/2020,0.20,0.20,0.12,-0.10,-0.10,0.10,0.00,-0.10,0.20,0.11,-0.09,0.16,-0.10,0.20,0.20,0.04,-0.04,0.20,-0.10,-0.10
26/06/2020,0.20,0.20,0.12,-0.10,-0.10,0.10,0.00,-0.10,0.20,0.11,-0.09,0.16,-0.10,0.20,0.20,0.04,-0.04,0.20,-0.10,-0.10
29/06/2020,0.20,0.20,0.12,-0.10,-0.10,0.10,0.00,-0.10,0.20,0.11,-0.09,0.16,-0.10,0.20,0.20,0.04,-0.04,0.20,-0.10,-0.10
30/06/2020,0.20,0.20,0.12,-0.10,-0.10,0.10,0.00,-0.10,0.20,0.11,-0.09,0.16,-0.10,0.20,0.20,0.04,-0.04,0.20,-0.10,-0.10
01/07/2020,0.20,0.20,0.17,-0.10,-0.10,0.12,0.02,-0.10,0.20,-0.04,-0.07,0.16,-0.10,0.20,0.20,0.07,-0.03,0.20,-0.10,-0.10
02/07/2020,0.20,0.20,0.17,-0.10,-0.10,0.12,0.02,-0.10,0.20,-0.04,-0.07,0.16,-0.10,0.20,0.20,0.07,-0.03,0.20,-0.10,-0.10
06/07/2020,0.20,0.20,0.19,-0.10,-0.10,0.15,0.02,-0.10,0.20,-0.08,-0.09,0.15,-0.10,0.20,0.20,0.10,-0.03,0.20,-0.10,-0.10
07/07/2020,0.20,0.20,0.19,-0.10,-0.10,0.15,0.02,-0.10,0.20,-0.08,-0.09,0.15,-0.10,0.20,0.20,0.10,-0.03,0.20,-0.10,-0.10
08/07/2020,0.20,0.20,0.19,-0.10,-0.10,0.15,0.02,-0.10,0.20,-0.08,-0.09,0.15,-0.10,0.20,0.20,0.10,-0.03,0.20,-0.10,-0.10
09/07/2020,0.20,0.20,0.19,-0.10,-0.10,0.15,0.02,-0.10,0.20,-0.08,-0.09,0.15,-0.10,0.20,0.20,0.10,-0.03,0.20,-0.10,-0.10
10/07/2020,0.20,0.20,0.19,-0.10,-0.10,0.15,0.02,-0.10,0.20,-0.08,-0.09,0.15,-0.10,0.20,0.20,0.10,-0.03,0.20,-0.10,-0.10
13/07/2020,0.20,0.20,0.19,-0.10,-0.10,0.15,0.02,-0.10,0.20,-0.08,-0.09,0.15,-0.10,0.20,0.20,0.10,-0.03,0.20,-0.10,-0.10
14/07/2020,0.20,0.20,0.19,-0.10,-0.10,0.15,0.02,-0.10,0.20,-0.08,-0.09,0.15,-0.10,0.20,0.20,0.10,-0.03,0.20,-0.10,-0.10
15/07/2020,0.20,0.20,0.19,-0.10,-0.10,0.15,0.02,-0.10,0.20,-0.08,-0.09,0.15,-0.10,0.20,0.20,0.10,-0.03,0.20,-0.10,-0.10
16/07/2020,0.20,0.20,0.19,-0.10,-0.10,0.15,0.02,-0.10,0.20,-0.08,-0.09,0.15,-0.10,0.20,0.20,0.10,-0.03,0.20,-0.10,-0.10
17/07/2020,0.20,0.20,0.19,-0.10,-0.10,0.17,0.00,-0.10,0.20,0.04,-0.10,0.03,-0.10,0.20,0.20,0.10,-0.04,0.20,-0.10,-0.10
20/07/2020,0.20,0.20,0.19,-0.10,-0.10,0.17,0.00,-0.10,0.20,0.04,-0.10,0.03,-0.10,0.20,0.20,0.10,-0.04,0.20,-0.10,-0.10
21/07/2020,0.20,0.20,0.19,-0.10,-0.10,0.17,0.00,-0.10,0.20,0.04,-0.10,0.03,-0.10,0.20,0.20,0.10,-0.04,0.20,-0.10,-0.10
22/07/2020,0.20,0.20,0.19,-0.10,-0.10,0.17,0.00,-0.10,0.20,0.04,-0.10,0.03,-0.10,0.20,0.20,0.10,-0.04,0.20,-0.10,-0.10
23/07/2020,0.20,0.20,0.19,-0.10,-0.10,0.17,0.00,-0.10,0.20,0.04,-0.10,0.03,-0.10,0.20,0.20,0.10,-0.04,0.20,-0.10,-0.10
24/07/2020,0.20,0.20,0.19,-0.10,-0.10,0.17,0.00,-0.10,0.20,0.04,-0.10,0.03,-0.10,0.20,0.20,0.10,-0.04,0.20,-0.10,-0.10
27/07/2020,0.20,0.20,0.19,-0.10,-0.10,0.17,0.00,-0.10,0.20,0.04,-0.10,0.03,-0.10,0.20,0.20,0.10,-0.04,0.20,-0.10,-0.10
28/07/2020,0.20,0.20,0.19,-0.10,-0.10,0.17,0.00,-0.10,0.20,0.04,-0.10,0.03,-0.10,0.20,0.20,0.10,-0.04,0.20,-0.10,-0.10
29/07/2020,0.20,0.20,0.19,-0.10,-0.10,0.17,0.00,-0.10,0.20,0.04,-0.10,0.03,-0.10,0.20,0.20,0.10,-0.04,0.20,-0.10,-0.10
30/07/2020,0.20,0.20,0.19,-0.10,-0.10,0.17,0.00,-0.10,0.20,0.04,-0.10,0.03,-0.10,0.20,0.20,0.10,-0.04,0.20,-0.10,-0.10
31/07/2020,0.20,0.20,0.19,-0.10,-0.10,0.17,0.00,-0.10,0.20,0.04,-0.10,0.03,-0.10,0.20,0.20,0.10,-0.04,0.20,-0.10,-0.10
03/08/2020,0.20,0.20,0.19,-0.10,-0.10,0.17,0.00,-0.10,0.20,0.04,-0.10,0.03,-0.10,0.20,0.20,0.10,-0.04,0.20,-0.10,-0.10
04/08/2020,0.20,0.20,0.19,-0.10,-0.10,0.17,0.00,-0.10,0.20,0.04,-0.10,0.03,-0.10,0.20,0.20,0.10,-0.04,0.20,-0.10,-0.10
05/08/2020,0.20,0.20,0.19,-0.10,-0.10,0.17,0.00,-0.10,0.20,0.04,-0.10,0.03,-0.10,0.20,0.20,0.10,-0.04,0.20,-0.10,-0.10
06/08/2020,0.20,0.20,0.19,-0.10,-0.10,0.17,0.00,-0.10,0.20,0.04,-0.10,0.03,-0.10,0.20,0.20,0.10,-0.04,0.20,-0.10,-0.10
07/08/2020,0.20,0.20,0.19,-0.10,-0.10,0.17,0.00,-0.10,0.20,0.04,-0.10,0.03,-0.10,0.20,0.20,0.10,-0.04,0.20,-0.10,-0.10
10/08/2020,0.20,0.20,0.20,-0.10,-0.10,0.14,0.01,-0.10,0.20,-0.03,-0.10,-0.04,-0.10,0.20,0.20,0.12,-0.08,0.20,0.08,-0.10
11/08/2020,0.20,0.20,0.20,-0.10,-0.10,0.14,0.01,-0.10,0.20,-0.03,-0.10,-0.04,-0.10,0.20,0.20,0.12,-0.08,0.20,0.08,-0.10
12/08/2020,0.20,0.20,0.20,-0.10,-0.10,0.14,0.01,-0.10,0.20,-0.03,-0.10,-0.04,-0.10,0.20,0.20,0.12,-0.08,0.20,0.08,-0.10
13/08/2020,0.20,0.20,0.20,-0.10,-0.10,0.14,0.01,-0.10,0.20,-0.03,-0.10,-0.04,-0.10,0.20,0.20,0.12,-0.08,0.20,0.08,-0.10
14/08/2020,0.20,0.20,0.20,-0.10,-0.10,0.14,0.01,-0.10,0.20,-0.03,-0.10,-0.04,-0.10,0.20,0.20,0.12,-0.08,0.20,0.08,-0.10
17/08/2020,0.20,0.20,0.20,-0.10,-0.10,0.14,0.01,-0.10,0.20,-0.03,-0.10,-0.04,-0.10,0.20,0.20,0.12,-0.08,0.20,0.08,-0.10
18/08/2020,0.20,0.20,0.20,-0.10,-0.10,0.16,0.03,-0.10,0.19,-0.03,-0.10,-0.10,-0.10,0.20,0.20,0.15,-0.07,0.20,0.07,-0.10
19/08/2020,0.20,0.20,0.20,-0.10,-0.10,0.16,0.03,-0.10,0.19,-0.03,-0.10,-0.10,-0.10,0.20,0.20,0.15,-0.07,0.20,0.07,-0.10
20/08/2020,0.20,0.20,0.20,-0.10,-0.10,0.16,0.03,-0.10,0.19,-0.03,-0.10,-0.10,-0.10,0.20,0.20,0.15,-0.07,0.20,0.07,-0.10
21/08/2020,0.20,0.20,0.20,-0.10,-0.10,0.16,0.03,-0.10,0.19,-0.03,-0.10,-0.10,-0.10,0.20,0.20,0.15,-0.07,0.20,0.07,-0.10
24/08/2020,0.20,0.20,0.20,-0.10,-0.10,0.16,0.03,-0.10,0.19,-0.03,-0.10,-0.10,-0.10,0.20,0.20,0.15,-0.07,0.20,0.07,-0.10
25/08/2020,0.20,0.20,0.20,-0.10,-0.10,0.16,0.03,-0.10,0.19,-0.03,-0.10,-0.10,-0.10,0.20,0.20,0.15,-0.07,0.20,0.07,-0.10
26/08/2020,0.20,0.20,0.20,-0.10,-0.10,0.16,0.03,-0.10,0.19,-0.03,-0.10,-0.10,-0.10,0.20,0.20,0.15,-0.07,0.20,0.07,-0.10
27/08/2020,0.20,0.20,0.20,-0.10,-0.10,0.18,0.03,-0.10,0.15,-0.02,-0.10,-0.06,-0.10,0.20,0.20,0.16,-0.09,0.20,0.06,-0.10
28/08/2020,0.20,0.20,0.20,-0.10,-0.10,0.18,0.03,-0.10,0.15,-0.02,-0.10,-0.06,-0.10,0.20,0.20,0.16,-0.09,0.20,0.06,-0.10
31/08/2020,0.20,0.20,0.20,-0.10,-0.10,0.18,0.03,-0.10,0.15,-0.02,-0.10,-0.06,-0.10,0.20,0.20,0.16,-0.09,0.20,0.06,-0.10
01/09/2020,0.20,0.20,0.20,-0.10,-0.10,0.18,0.03,-0.10,0.15,-0.02,-0.10,-0.06,-0.10,0.20,0.20,0.16,-0.09,0.20,0.06,-0.10
02/09/2020,0.20,0.20,0.20,-0.10,-0.10,0.19,0.03,-0.10,0.15,-0.01,-0.10,-0.06,-0.10,0.20,0.20,0.14,-0.10,0.20,0.07,-0.10
03/09/2020,0.20,0.20,0.20,-0.10,-0.10,0.19,0.03,-0.10,0.15,-0.01,-0.10,-0.06,-0.10,0.20,0.20,0.14,-0.10,0.20,0.07,-0.10
04/09/2020,0.20,0.20,0.20,-0.10,-0.10,0.19,0.03,-0.10,0.15,-0.01,-0.10,-0.06,-0.10,0.20,0.20,0.14,-0.10,0.20,0.07,-0.10
08/09/2020,0.20,0.20,0.20,-0.10,-0.10,0.19,0.03,-0.10,0.15,-0.01,-0.10,-0.06,-0.10,0.20,0.20,0.14,-0.10,0.20,0.07,-0.10
09/09/2020,0.20,0.20,0.20,-0.10,-0.10,0.17,0.03,-0.10,0.17,0.02,-0.09,-0.08,-0.10,0.20,0.20,0.13,-0.10,0.20,0.06,-0.10
10/09/2020,0.20,0.20,0.20,-0.10,-0.10,0.17,0.03,-0.10,0.17,0.02,-0.09,-0.08,-0.10,0.20,0.20,0.13,-0.10,0.20,0.06,-0.10
11/09/2020,0.20,0.20,0.20,-0.10,-0.10,0.17,0.03,-0.10,0.17,0.02,-0.09,-0.08,-0.10,0.20,0.20,0.13,-0.10,0.20,0.06,-0.10
14/09/2020,0.20,0.20,0.20,-0.10,-0.10,0.17,0.03,-0.10,0.17,0.02,-0.09,-0.08,-0.10,0.20,0.20,0.13,-0.10,0.20,0.06,-0.10
15/09/2020,0.20,0.20,0.20,-0.10,-0.10,0.17,0.03,-0.10,0.17,0.02,-0.09,-0.08,-0.10,0.20,0.20,0.13,-0.10,0.20,0.06,-0.10
16/09/2020,0.20,0.20,0.20,-0.10,-0.10,0.17,0.03,-0.10,0.17,0.02,-0.09,-0.08,-0.10,0.20,0.20,0.13,-0.10,0.20,0.06,-0.10
17/09/2020,0.20,0.20,0.20,-0.10,-0.10,0.17,0.03,-0.10,0.17,0.02,-0.09,-0.08,-0.10,0.20,0.20,0.13,-0.10,0.20,0.06,-0.10
18/09/2020,0.20,0.20,0.20,-0.10,-0.10,0.17,0.03,-0.10,0.17,0.02,-0.09,-0.08,-0.10,0.20,0.20,0.13,-0.10,0.20,0.06,-0.10
21/09/2020,0.20,0.20,0.20,-0.10,-0.10,0.17,0.03,-0.10,0.17,0.02,-0.09,-0.08,-0.10,0.20,0.20,0.13,-0.10,0.20,0.06,-0.10
22/09/2020,0.20,0.20,0.20,-0.10,-0.10,0.17,0.03,-0.10,0.17,0.02,-0.09,-0.08,-0.10,0.20,0.20,0.13,-0.10,0.20,0.06,-0.10
23/09/2020,0.20,0.20,0.20,-0.10,-0.10,0.17,0.03,-0.10,0.17,0.02,-0.09,-0.08,-0.10,0.20,0.20,0.13,-0.10,0.20,0.06,-0.10
24/09/2020,0.20,0.20,0.20,-0.10,-0.10,0.17,0.03,-0.10,0.17,0.02,-0.09,-0.08,-0.10,0.20,0.20,0.13,-0.10,0.20,0.06,-0.10
25/09/2020,0.20,0.20,0.20,-0.10,-0.10,0.17,0.03,-0.10,0.17,0.02,-0.09,-0.08,-0.10,0.20,0.20,0.13,-0.10,0.20,0.06,-0.10
28/09/2020,0.20,0.20,0.20,-0.10,-0.10,0.17,0.03,-0.10,0.17,0.02,-0.09,-0.08,-0.10,0.20,0.20,0.13,-0.10,0.20,0.06,-0.10
29/09/2020,0.20,0.20,0.20,-0.10,-0.10,0.17,0.03,-0.10,0.17,0.02,-0.09,-0.08,-0.10,0.20,0.20,0.13,-0.10,0.20,0.06,-0.10
30/09/2020,0.20,0.20,0.20,-0.10,-0.10,0.17,0.03,-0.10,0.17,0.02,-0.09,-0.08,-0.10,0.20,0.20,0.13,-0.10,0.20,0.06,-0.10
01/10/2020,0.20,0.20,0.20,-0.10,-0.10,0.17,0.03,-0.10,0.17,0.02,-0.09,-0.08,-0.10,0.20,0.20,0.13,-0.10,0.20,0.06,-0.10
02/10/2020,0.20,0.20,0.20,-0.10,-0.10,0.17,0.03,-0.10,0.17,0.02,-0.09,-0.08,-0.10,0.20,0.20,0.13,-0.10,0.20,0.06,-0.10
05/10/2020,0.20,0.20,0.20,-0.10,-0.10,0.17,0.03,-0.10,0.17,0.02,-0.09,-0.08,-0.10,0.20,0.20,0.13,-0.10,0.20,0.06,-0.10
06/10/2020,0.20,0.20,0.20,-0.10,-0.10,0.17,0.03,-0.10,0.17,0.02,-0.09,-0.08,-0.10,0.20,0.20,0.13,-0.10,0.20,0.06,-0.10
07/10/2020,0.20,0.20,0.20,-0.10,-0.10,0.17,0.03,-0.10,0.17,0.02,-0.09,-0.08,-0.10,0.20,0.20,0.13,-0.10,0.20,0.06,-0.10
08/10/2020,0.20,0.20,0.20,-0.10,-0.10,0.17,0.03,-0.10,0.17,0.02,-0.09,-0.08,-0.10,0.20,0.20,0.13,-0.10,0.20,0.06,-0.10
09/10/2020,0.20,0.20,0.20,-0.10,-0.10,0.17,0.03,-0.10,0.17,0.02,-0.09,-0.08,-0.10,0.20,0.20,0.13,-0.10,0.20,0.06,-0.10
12/10/2020,0.20,0.20,0.20,-0.10,-0.10,0.19,0.01,-0.10,0.20,-0.05,-0.08,-0.10,-0.10,0.20,0.20,0.11,-0.10,0.20,0.11,-0.10
13/10/2020,0.20,0.20,0.20,-0.10,-0.10,0.19,0.01,-0.10,0.20,-0.05,-0.08,-0.10,-0.10,0.20,0.20,0.11,-0.10,0.20,0.11,-0.10
14/10/2020,0.20,0.20,0.20,-0.10,-0.10,0.19,0.01,-0.10,0.20,-0.05,-0.08,-0.10,-0.10,0.20,0.20,0.11,-0.10,0.20,0.11,-0.10
15/10/2020,0.20,0.20,0.20,-0.10,-0.10,0.19,0.01,-0.10,0.20,-0.05,-0.08,-0.10,-0.10,0.20,0.20,0.11,-0.10,0.20,0.11,-0.10
16/10/2020,0.20,0.20,0.20,-0.10,-0.10,0.19,0.01,-0.10,0.20,-0.05,-0.08,-0.10,-0.10,0.20,0.20,0.11,-0.10,0.20,0.11,-0.10
19/10/2020,0.20,0.20,0.20,-0.10,-0.10,0.19,0.01,-0.10,0.20,-0.05,-0.08,-0.10,-0.10,0.20,0.20,0.11,-0.10,0.20,0.11,-0.10
20/10/2020,0.20,0.20,0.20,-0.10,-0.10,0.20,0.01,-0.10,0.20,-0.09,-0.06,-0.10,-0.10,0.20,0.20,0.11,-0.10,0.20,0.12,-0.10
21/10/2020,0.20,0.20,0.20,-0.10,-0.10,0.20,0.01,-0.10,0.20,-0.09,-0.06,-0.10,-0.10,0.20,0.20,0.11,-0.10,0.20,0.12,-0.10
22/10/2020,0.20,0.20,0.20,-0.10,-0.10,0.20,0.01,-0.10,0.20,-0.09,-0.06,-0.10,-0.10,0.20,0.20,0.11,-0.10,0.20,0.12,-0.10
23/10/2020,0.20,0.20,0.20,-0.10,-0.10,0.20,0.01,-0.10,0.20,-0.09,-0.06,-0.10,-0.10,0.20,0.20,0.11,-0.10,0.20,0.12,-0.10
26/10/2020,0.20,0.20,0.20,-0.10,-0.10,0.20,0.01,-0.10,0.20,-0.09,-0.06,-0.10,-0.10,0.20,0.20,0.11,-0.10,0.20,0.12,-0.10
27/10/2020,0.20,0.20,0.20,-0.10,-0.10,0.20,0.01,-0.10,0.20,-0.09,-0.06,-0.10,-0.10,0.20,0.20,0.11,-0.10,0.20,0.12,-0.10
28/10/2020,0.20,0.20,0.20,-0.10,-0.10,0.20,0.01,-0.10,0.20,-0.09,-0.06,-0.10,-0.10,0.20,0.20,0.11,-0.10,0.20,0.12,-0.10
29/10/2020,0.20,0.20,0.20,-0.10,-0.10,0.20,0.03,-0.10,0.19,-0.08,-0.09,-0.10,-0.10,0.20,0.14,0.20,-0.10,0.20,0.11,-0.10
30/10/2020,0.20,0.20,0.20,-0.10,-0.10,0.20,0.03,-0.10,0.19,-0.08,-0.09,-0.10,-0.10,0.20,0.14,0.20,-0.10,0.20,0.11,-0.10
02/11/2020,0.20,0.20,0.20,-0.10,-0.10,0.20,0.03,-0.10,0.19,-0.08,-0.09,-0.10,-0.10,0.20,0.14,0.20,-0.10,0.20,0.11,-0.10
03/11/2020,0.20,0.20,0.20,-0.10,-0.10,0.20,0.03,-0.10,0.19,-0.08,-0.09,-0.10,-0.10,0.20,0.14,0.20,-0.10,0.20,0.11,-0.10
04/11/2020,0.20,0.20,0.20,-0.10,-0.10,0.20,0.03,-0.10,0.19,-0.08,-0.09,-0.10,-0.10,0.20,0.14,0.20,-0.10,0.20,0.11,-0.10
05/11/2020,0.20,0.20,0.20,-0.10,-0.10,0.20,0.03,-0.10,0.20,-0.06,-0.10,-0.10,-0.10,0.20,0.11,0.20,-0.10,0.20,0.13,-0.10
06/11/2020,0.20,0.20,0.19,-0.10,-0.10,0.20,0.03,-0.10,0.20,-0.04,-0.10,-0.10,-0.10,0.20,0.11,0.20,-0.10,0.20,0.11,-0.10
09/11/2020,0.20,0.20,0.19,-0.10,-0.10,0.20,0.03,-0.10,0.20,-0.04,-0.10,-0.10,-0.10,0.20,0.11,0.20,-0.10,0.20,0.11,-0.10
10/11/2020,0.20,0.20,0.19,-0.10,-0.10,0.20,0.03,-0.10,0.20,-0.04,-0.10,-0.10,-0.10,0.20,0.11,0.20,-0.10,0.20,0.11,-0.10
11/11/2020,0.20,0.20,0.19,-0.10,-0.10,0.20,0.03,-0.10,0.20,-0.04,-0.10,-0.10,-0.10,0.20,0.11,0.20,-0.10,0.20,0.11,-0.10
12/11/2020,0.20,0.20,0.19,-0.10,-0.10,0.20,0.03,-0.10,0.20,-0.04,-0.10,-0.10,-0.10,0.20,0.11,0.20,-0.10,0.20,0.11,-0.10
13/11/2020,0.20,0.20,0.19,-0.10,-0.10,0.20,0.03,-0.10,0.20,-0.04,-0.10,-0.10,-0.10,0.20,0.11,0.20,-0.10,0.20,0.11,-0.10
16/11/2020,0.20,0.20,0.19,-0.10,-0.10,0.20,0.03,-0.10,0.20,-0.04,-0.10,-0.10,-0.10,0.20,0.11,0.20,-0.10,0.20,0.11,-0.10
17/11/2020,0.20,0.20,0.19,-0.10,-0.10,0.20,0.03,-0.10,0.20,-0.04,-0.10,-0.10,-0.10,0.20,0.11,0.20,-0.10,0.20,0.11,-0.10
18/11/2020,0.20,0.20,0.19,-0.10,-0.10,0.20,0.03,-0.10,0.20,-0.04,-0.10,-0.10,-0.10,0.20,0.11,0.20,-0.10,0.20,0.11,-0.10
19/11/2020,0.20,0.20,0.19,-0.10,-0.10,0.20,0.03,-0.10,0.20,-0.04,-0.10,-0.10,-0.10,0.20,0.11,0.20,-0.10,0.20,0.11,-0.10
20/11/2020,0.20,0.20,0.19,-0.10,-0.10,0.20,0.03,-0.10,0.20,-0.04,-0.10,-0.10,-0.10,0.20,0.11,0.20,-0.10,0.20,0.11,-0.10
23/11/2020,0.20,0.20,0.19,-0.10,-0.10,0.20,0.03,-0.10,0.20,-0.04,-0.10,-0.10,-0.10,0.20,0.11,0.20,-0.10,0.20,0.11,-0.10
24/11/2020,0.20,0.20,0.19,-0.10,-0.10,0.20,0.03,-0.10,0.20,-0.04,-0.10,-0.10,-0.10,0.20,0.11,0.20,-0.10,0.20,0.11,-0.10
25/11/2020,0.20,0.20,0.19,-0.10,-0.10,0.20,0.03,-0.10,0.20,-0.04,-0.10,-0.10,-0.10,0.20,0.11,0.20,-0.10,0.20,0.11,-0.10
27/11/2020,0.20,0.20,0.19,-0.10,-0.10,0.20,0.03,-0.10,0.20,-0.04,-0.10,-0.10,-0.10,0.20,0.11,0.20,-0.10,0.20,0.11,-0.10
30/11/2020,0.20,0.20,0.19,-0.10,-0.10,0.20,0.03,-0.10,0.20,-0.04,-0.10,-0.10,-0.10,0.20,0.11,0.20,-0.10,0.20,0.11,-0.10
01/12/2020,0.20,0.20,0.19,-0.10,-0.10,0.20,0.03,-0.10,0.20,-0.04,-0.10,-0.10,-0.10,0.20,0.11,0.20,-0.10,0.20,0.11,-0.10
02/12/2020,0.20,0.20,0.13,-0.10,-0.10,0.20,0.02,-0.10,0.15,0.02,-0.08,-0.07,-0.10,0.18,0.20,0.20,-0.10,0.20,0.04,-0.10
03/12/2020,0.20,0.20,0.13,-0.10,-0.10,0.20,0.02,-0.10,0.15,0.02,-0.08,-0.07,-0.10,0.18,0.20,0.20,-0.10,0.20,0.04,-0.10
04/12/2020,0.20,0.20,0.13,-0.10,-0.10,0.20,0.02,-0.10,0.15,0.02,-0.08,-0.07,-0.10,0.18,0.20,0.20,-0.10,0.20,0.04,-0.10
07/12/2020,0.20,0.20,0.13,-0.10,-0.10,0.20,0.02,-0.10,0.15,0.02,-0.08,-0.07,-0.10,0.18,0.20,0.20,-0.10,0.20,0.04,-0.10
08/12/2020,0.20,0.20,0.13,-0.10,-0.10,0.20,0.02,-0.10,0.15,0.02,-0.08,-0.07,-0.10,0.18,0.20,0.20,-0.10,0.20,0.04,-0.10
09/12/2020,0.20,0.20,0.13,-0.10,-0.10,0.20,0.02,-0.10,0.15,0.02,-0.08,-0.07,-0.10,0.18,0.20,0.20,-0.10,0.20,0.04,-0.10
10/12/2020,0.20,0.20,0.19,-0.10,-0.10,0.20,0.03,-0.10,0.20,-0.04,-0.10,-0.10,-0.10,0.20,0.11,0.20,-0.10,0.20,0.11,-0.10
11/12/2020,0.20,0.20,0.19,-0.10,-0.10,0.20,0.03,-0.10,0.20,-0.04,-0.10,-0.10,-0.10,0.20,0.11,0.20,-0.10,0.20,0.11,-0.10
14/12/2020,0.20,0.20,0.13,-0.10,-0.10,0.20,0.02,-0.10,0.15,0.02,-0.08,-0.07,-0.10,0.18,0.20,0.20,-0.10,0.20,0.04,-0.10
15/12/2020,0.20,0.20,0.13,-0.10,-0.10,0.20,0.02,-0.10,0.15,0.02,-0.08,-0.07,-0.10,0.18,0.20,0.20,-0.10,0.20,0.04,-0.10
16/12/2020,0.20,0.20,0.13,-0.10,-0.10,0.20,0.02,-0.10,0.15,0.02,-0.08,-0.07,-0.10,0.18,0.20,0.20,-0.10,0.20,0.04,-0.10
17/12/2020,0.20,0.20,0.13,-0.10,-0.10,0.20,0.02,-0.10,0.15,0.02,-0.08,-0.07,-0.10,0.18,0.20,0.20,-0.10,0.20,0.04,-0.10
18/12/2020,0.20,0.20,0.13,-0.10,-0.10,0.20,0.02,-0.10,0.15,0.02,-0.08,-0.07,-0.10,0.18,0.20,0.20,-0.10,0.20,0.04,-0.10
21/12/2020,0.20,0.20,0.13,-0.10,-0.10,0.20,0.02,-0.10,0.15,0.02,-0.08,-0.07,-0.10,0.18,0.20,0.20,-0.10,0.20,0.04,-0.10
22/12/2020,0.20,0.20,0.13,-0.10,-0.10,0.20,0.02,-0.10,0.15,0.02,-0.08,-0.07,-0.10,0.18,0.20,0.20,-0.10,0.20,0.04,-0.10
23/12/2020,0.20,0.20,0.13,-0.10,-0.10,0.20,0.02,-0.10,0.15,0.02,-0.08,-0.07,-0.10,0.18,0.20,0.20,-0.10,0.20,0.04,-0.10
24/12/2020,0.20,0.20,0.13,-0.10,-0.10,0.20,0.02,-0.10,0.15,0.02,-0.08,-0.07,-0.10,0.18,0.20,0.20,-0.10,0.20,0.04,-0.10
28/12/2020,0.20,0.20,0.13,-0.10,-0.10,0.20,0.02,-0.10,0.15,0.02,-0.08,-0.07,-0.10,0.18,0.20,0.20,-0.10,0.20,0.04,-0.10
29/12/2020,0.20,0.20,0.13,-0.10,-0.10,0.20,0.02,-0.10,0.15,0.02,-0.08,-0.07,-0.10,0.18,0.20,0.20,-0.10,0.20,0.04,-0.10
30/12/2020,0.20,0.20,0.13,-0.10,-0.10,0.20,0.02,-0.10,0.15,0.02,-0.08,-0.07,-0.10,0.18,0.20,0.20,-0.10,0.20,0.04,-0.10
31/12/2020,0.20,0.20,0.13,-0.10,-0.10,0.20,0.02,-0.10,0.15,0.02,-0.08,-0.07,-0.10,0.18,0.20,0.20,-0.10,0.20,0.04,-0.10
04/01/2021,0.20,0.20,0.13,-0.10,-0.10,0.20,0.02,-0.10,0.15,0.02,-0.08,-0.07,-0.10,0.18,0.20,0.20,-0.10,0.20,0.04,-0.10
05/01/2021,0.20,0.20,0.11,-0.10,-0.10,0.20,-0.01,-0.10,0.16,0.12,-0.04,-0.09,-0.10,0.13,0.20,0.20,-0.10,0.20,0.03,-0.10
06/01/2021,0.20,0.20,0.11,-0.10,-0.10,0.20,-0.01,-0.10,0.16,0.12,-0.04,-0.09,-0.10,0.13,0.20,0.20,-0.10,0.20,0.03,-0.10
07/01/2021,0.20,0.20,0.09,-0.10,-0.10,0.20,-0.02,-0.10,0.18,0.15,-0.04,-0.10,-0.10,0.13,0.20,0.19,-0.10,0.20,0.00,-0.10
08/01/2021,0.20,0.20,0.09,-0.10,-0.10,0.20,-0.02,-0.10,0.18,0.15,-0.04,-0.10,-0.10,0.13,0.20,0.19,-0.10,0.20,0.00,-0.10
11/01/2021,0.20,0.20,0.09,-0.10,-0.10,0.20,-0.02,-0.10,0.18,0.15,-0.04,-0.10,-0.10,0.13,0.20,0.19,-0.10,0.20,0.00,-0.10
12/01/2021,0.20,0.20,0.09,-0.10,-0.10,0.20,-0.02,-0.10,0.18,0.15,-0.04,-0.10,-0.10,0.13,0.20,0.19,-0.10,0.20,0.00,-0.10
13/01/2021,0.20,0.20,0.09,-0.10,-0.10,0.20,-0.02,-0.10,0.18,0.15,-0.04,-0.10,-0.10,0.13,0.20,0.19,-0.10,0.20,0.00,-0.10
14/01/2021,0.20,0.20,0.09,-0.10,-0.10,0.20,-0.02,-0.10,0.18,0.15,-0.04,-0.10,-0.10,0.13,0.20,0.19,-0.10,0.20,0.00,-0.10
15/01/2021,0.20,0.20,0.09,-0.10,-0.10,0.20,-0.02,-0.10,0.18,0.15,-0.04,-0.10,-0.10,0.13,0.20,0.19,-0.10,0.20,0.00,-0.10
19/01/2021,0.20,0.20,0.09,-0.10,-0.10,0.20,-0.02,-0.10,0.18,0.15,-0.04,-0.10,-0.10,0.13,0.20,0.19,-0.10,0.20,0.00,-0.10
20/01/2021,0.20,0.20,0.09,-0.10,-0.10,0.20,-0.02,-0.10,0.18,0.15,-0.04,-0.10,-0.10,0.13,0.20,0.19,-0.10,0.20,0.00,-0.10
21/01/2021,0.20,0.20,0.09,-0.10,-0.10,0.20,-0.02,-0.10,0.18,0.15,-0.04,-0.10,-0.10,0.13,0.20,0.19,-0.10,0.20,0.00,-0.10
22/01/2021,0.20,0.20,0.09,-0.10,-0.10,0.20,-0.02,-0.10,0.18,0.15,-0.04,-0.10,-0.10,0.13,0.20,0.19,-0.10,0.20,0.00,-0.10
25/01/2021,0.20,0.20,0.09,-0.10,-0.10,0.20,-0.02,-0.10,0.18,0.15,-0.04,-0.10,-0.10,0.13,0.20,0.19,-0.10,0.20,0.00,-0.10
26/01/2021,0.20,0.20,0.09,-0.10,-0.10,0.20,-0.02,-0.10,0.18,0.15,-0.04,-0.10,-0.10,0.13,0.20,0.19,-0.10,0.20,0.00,-0.10
27/01/2021,0.20,0.20,0.09,-0.10,-0.10,0.20,-0.02,-0.10,0.18,0.15,-0.04,-0.10,-0.10,0.13,0.20,0.19,-0.10,0.20,0.00,-0.10
28/01/2021,0.20,0.20,0.05,-0.10,-0.10,0.20,-0.03,-0.05,0.15,0.13,0.03,-0.10,-0.10,0.19,0.13,0.16,-0.10,0.20,0.03,-0.10
29/01/2021,0.20,0.20,0.04,-0.10,-0.10,0.20,-0.03,-0.04,0.15,0.13,0.03,-0.10,-0.10,0.20,0.14,0.17,-0.10,0.20,0.03,-0.10
01/02/2021,0.20,0.20,0.08,-0.10,-0.10,0.20,-0.03,-0.05,0.15,0.11,0.04,-0.10,-0.10,0.19,0.09,0.17,-0.10,0.20,0.06,-0.10
02/02/2021,0.20,0.20,0.05,-0.04,-0.10,0.20,-0.03,-0.05,0.14,0.11,0.04,-0.10,-0.10,0.18,0.08,0.16,-0.10,0.20,0.07,-0.10
03/02/2021,0.20,0.20,0.02,-0.02,-0.10,0.20,-0.02,-0.07,0.14,0.13,0.04,-0.10,-0.10,0.19,0.09,0.15,-0.10,0.20,0.06,-0.10
04/02/2021,0.20,0.20,0.02,-0.02,-0.10,0.20,-0.02,-0.07,0.14,0.13,0.04,-0.10,-0.10,0.19,0.09,0.15,-0.10,0.20,0.06,-0.10
05/02/2021,0.20,0.20,0.02,-0.02,-0.10,0.20,-0.02,-0.07,0.14,0.13,0.04,-0.10,-0.10,0.19,0.09,0.15,-0.10,0.20,0.06,-0.10
08/02/2021,0.20,0.20,-0.02,0.04,-0.10,0.20,-0.03,-0.03,0.10,0.13,0.02,-0.10,-0.10,0.19,0.09,0.13,-0.10,0.20,0.08,-0.10
09/02/2021,0.20,0.20,0.00,-0.02,-0.10,0.20,-0.03,0.01,0.10,0.14,0.01,-0.10,-0.10,0.18,0.07,0.14,-0.10,0.20,0.10,-0.10
10/02/2021,0.20,0.20,-0.01,0.09,-0.10,0.20,-0.02,-0.10,0.11,0.13,0.01,-0.10,-0.10,0.18,0.06,0.14,-0.10,0.20,0.12,-0.10
11/02/2021,0.20,0.20,-0.01,0.09,-0.10,0.20,-0.02,-0.10,0.11,0.13,0.01,-0.10,-0.10,0.18,0.06,0.14,-0.10,0.20,0.12,-0.10
12/02/2021,0.20,0.20,-0.04,0.10,-0.10,0.20,-0.02,-0.10,0.11,0.10,0.01,-0.10,-0.10,0.19,0.08,0.14,-0.10,0.20,0.11,-0.10
16/02/2021,0.20,0.20,-0.04,0.10,-0.10,0.20,-0.02,-0.10,0.11,0.10,0.01,-0.10,-0.10,0.19,0.08,0.14,-0.10,0.20,0.11,-0.10
17/02/2021,0.20,0.20,-0.04,0.10,-0.10,0.20,-0.02,-0.10,0.11,0.10,0.01,-0.10,-0.10,0.19,0.08,0.14,-0.10,0.20,0.11,-0.10
18/02/2021,0.20,0.20,-0.04,0.10,-0.10,0.20,-0.02,-0.10,0.11,0.10,0.01,-0.10,-0.10,0.19,0.08,0.14,-0.10,0.20,0.11,-0.10
19/02/2021,0.20,0.20,-0.04,0.10,-0.10,0.20,-0.02,-0.10,0.11,0.10,0.01,-0.10,-0.10,0.19,0.08,0.14,-0.10,0.20,0.11,-0.10
22/02/2021,0.20,0.20,-0.04,0.10,-0.10,0.20,-0.02,-0.10,0.11,0.10,0.01,-0.10,-0.10,0.19,0.08,0.14,-0.10,0.20,0.11,-0.10
23/02/2021,0.20,0.20,-0.04,0.07,-0.10,0.20,-0.02,-0.10,0.10,0.16,0.01,-0.10,-0.10,0.17,0.10,0.14,-0.10,0.20,0.12,-0.10
24/02/2021,0.20,0.20,-0.04,0.07,-0.10,0.20,-0.02,-0.10,0.10,0.16,0.01,-0.10,-0.10,0.17,0.10,0.14,-0.10,0.20,0.12,-0.10
25/02/2021,0.20,0.20,-0.04,0.07,-0.10,0.20,-0.02,-0.10,0.10,0.16,0.01,-0.10,-0.10,0.17,0.10,0.14,-0.10,0.20,0.12,-0.10
26/02/2021,0.20,0.20,-0.04,0.07,-0.10,0.20,-0.02,-0.10,0.10,0.16,0.01,-0.10,-0.10,0.17,0.10,0.14,-0.10,0.20,0.12,-0.10
01/03/2021,0.20,0.20,-0.04,0.07,-0.10,0.20,-0.02,-0.10,0.10,0.16,0.01,-0.10,-0.10,0.17,0.10,0.14,-0.10,0.20,0.12,-0.10
02/03/2021,0.20,0.20,-0.09,0.01,-0.10,0.20,-0.03,-0.02,0.12,0.17,0.02,-0.10,-0.10,0.14,0.17,0.09,-0.10,0.20,0.10,-0.08
03/03/2021,0.20,0.20,-0.10,0.07,-0.10,0.20,-0.03,-0.07,0.12,0.17,0.02,-0.10,-0.10,0.13,0.17,0.10,-0.10,0.20,0.11,-0.10
04/03/2021,0.20,0.20,-0.10,-0.08,-0.10,0.20,-0.04,0.06,0.12,0.20,0.01,-0.10,-0.10,0.13,0.19,0.11,-0.10,0.20,0.09,-0.10
05/03/2021,0.20,0.20,-0.10,-0.08,-0.10,0.20,-0.04,0.06,0.12,0.20,0.01,-0.10,-0.10,0.13,0.19,0.11,-0.10,0.20,0.09,-0.10
08/03/2021,0.20,0.20,-0.10,-0.08,-0.10,0.20,-0.04,0.06,0.12,0.20,0.01,-0.10,-0.10,0.13,0.19,0.11,-0.10,0.20,0.09,-0.10
09/03/2021,0.20,0.20,-0.10,-0.08,-0.10,0.20,-0.04,0.06,0.12,0.20,0.01,-0.10,-0.10,0.13,0.19,0.11,-0.10,0.20,0.09,-0.10
10/03/2021,0.20,0.20,-0.10,-0.08,-0.10,0.20,-0.04,0.06,0.12,0.20,0.01,-0.10,-0.10,0.13,0.19,0.11,-0.10,0.20,0.09,-0.10
11/03/2021,0.20,0.20,-0.10,-0.08,-0.10,0.20,-0.04,0.06,0.12,0.20,0.01,-0.10,-0.10,0.13,0.19,0.11,-0.10,0.20,0.09,-0.10
12/03/2021,0.20,0.20,-0.10,-0.08,-0.10,0.20,-0.04,0.06,0.12,0.20,0.01,-0.10,-0.10,0.13,0.19,0.11,-0.10,0.20,0.09,-0.10
15/03/2021,0.20,0.20,-0.10,-0.08,-0.10,0.20,-0.04,0.06,0.12,0.20,0.01,-0.10,-0.10,0.13,0.19,0.11,-0.10,0.20,0.09,-0.10
16/03/2021,0.20,0.20,-0.10,-0.08,-0.10,0.20,-0.04,0.06,0.12,0.20,0.01,-0.10,-0.10,0.13,0.19,0.11,-0.10,0.20,0.09,-0.10
17/03/2021,0.20,0.20,-0.10,0.07,-0.10,0.20,-0.04,-0.10,0.14,0.16,0.02,-0.10,-0.10,0.20,0.17,0.10,-0.10,0.20,0.07,-0.09
18/03/2021,0.20,0.20,-0.10,0.07,-0.10,0.20,-0.04,-0.10,0.14,0.16,0.02,-0.10,-0.10,0.20,0.17,0.10,-0.10,0.20,0.07,-0.09
19/03/2021,0.20,0.20,-0.10,0.07,-0.10,0.20,-0.04,-0.10,0.14,0.16,0.02,-0.10,-0.10,0.20,0.17,0.10,-0.10,0.20,0.07,-0.09
22/03/2021,0.20,0.20,-0.10,0.07,-0.10,0.20,-0.04,-0.10,0.14,0.16,0.02,-0.10,-0.10,0.20,0.17,0.10,-0.10,0.20,0.07,-0.09
23/03/2021,0.20,0.20,-0.10,0.09,-0.10,0.20,-0.04,-0.10,0.16,0.17,0.01,-0.10,-0.10,0.20,0.11,0.10,-0.10,0.20,0.08,-0.08
24/03/2021,0.20,0.20,-0.10,0.09,-0.10,0.20,-0.04,-0.10,0.16,0.17,0.01,-0.10,-0.10,0.20,0.11,0.10,-0.10,0.20,0.08,-0.08
25/03/2021,0.20,0.20,-0.10,0.09,-0.10,0.20,-0.04,-0.10,0.16,0.17,0.01,-0.10,-0.10,0.20,0.11,0.10,-0.10,0.20,0.08,-0.08
26/03/2021,0.20,0.20,-0.10,0.09,-0.10,0.20,-0.04,-0.10,0.16,0.17,0.01,-0.10,-0.10,0.20,0.11,0.10,-0.10,0.20,0.08,-0.08
29/03/2021,0.20,0.20,-0.10,0.09,-0.10,0.20,-0.04,-0.10,0.16,0.17,0.01,-0.10,-0.10,0.20,0.11,0.10,-0.10,0.20,0.08,-0.08
30/03/2021,0.20,0.20,-0.10,0.09,-0.10,0.20,-0.04,-0.10,0.16,0.17,0.01,-0.10,-0.10,0.20,0.11,0.10,-0.10,0.20,0.08,-0.08
31/03/2021,0.20,0.20,-0.10,0.09,-0.10,0.20,-0.04,-0.10,0.16,0.17,0.01,-0.10,-0.10,0.20,0.11,0.10,-0.10,0.20,0.08,-0.08
01/04/2021,0.20,0.20,-0.10,0.09,-0.10,0.20,-0.04,-0.10,0.16,0.17,0.01,-0.10,-0.10,0.20,0.11,0.10,-0.10,0.20,0.08,-0.08
05/04/2021,0.20,0.20,-0.10,0.09,-0.10,0.20,-0.04,-0.10,0.16,0.17,0.01,-0.10,-0.10,0.20,0.11,0.10,-0.10,0.20,0.08,-0.08
06/04/2021,0.20,0.20,-0.10,0.14,-0.10,0.20,-0.03,-0.10,0.13,0.14,0.02,-0.10,-0.10,0.20,0.10,0.09,-0.10,0.20,0.09,-0.08
07/04/2021,0.20,0.20,-0.10,0.14,-0.10,0.20,-0.03,-0.10,0.13,0.14,0.02,-0.10,-0.10,0.20,0.10,0.09,-0.10,0.20,0.09,-0.08
08/04/2021,0.20,0.20,-0.10,0.14,-0.10,0.20,-0.03,-0.10,0.13,0.14,0.02,-0.10,-0.10,0.20,0.10,0.09,-0.10,0.20,0.09,-0.08
09/04/2021,0.20,0.20,-0.10,0.14,-0.10,0.20,-0.03,-0.10,0.13,0.14,0.02,-0.10,-0.10,0.20,0.10,0.09,-0.10,0.20,0.09,-0.08
12/04/2021,0.20,0.20,-0.10,0.14,-0.10,0.20,-0.03,-0.10,0.13,0.14,0.02,-0.10,-0.10,0.20,0.10,0.09,-0.10,0.20,0.09,-0.08
13/04/2021,0.20,0.20,-0.10,0.14,-0.10,0.20,-0.03,-0.10,0.13,0.14,0.02,-0.10,-0.10,0.20,0.10,0.09,-0.10,0.20,0.09,-0.08
14/04/2021,0.20,0.20,-0.10,0.14,-0.10,0.20,-0.03,-0.10,0.13,0.14,0.02,-0.10,-0.10,0.20,0.10,0.09,-0.10,0.20,0.09,-0.08
15/04/2021,0.20,0.20,-0.10,0.09,-0.10,0.20,-0.04,-0.10,0.16,0.17,0.01,-0.10,-0.10,0.20,0.11,0.10,-0.10,0.20,0.08,-0.08
16/04/2021,0.20,0.20,-0.10,0.14,-0.10,0.20,-0.03,-0.10,0.13,0.14,0.02,-0.10,-0.10,0.20,0.10,0.09,-0.10,0.20,0.09,-0.08
19/04/2021,0.20,0.20,-0.10,0.14,-0.10,0.20,-0.03,-0.10,0.13,0.14,0.02,-0.10,-0.10,0.20,0.10,0.09,-0.10,0.20,0.09,-0.08
20/04/2021,0.20,0.20,-0.10,0.14,-0.10,0.20,-0.03,-0.10,0.13,0.14,0.02,-0.10,-0.10,0.20,0.10,0.09,-0.10,0.20,0.09,-0.08
21/04/2021,0.20,0.20,-0.10,0.14,-0.10,0.20,-0.03,-0.10,0.13,0.14,0.02,-0.10,-0.10,0.20,0.10,0.09,-0.10,0.20,0.09,-0.08
22/04/2021,0.20,0.20,-0.10,0.14,-0.10,0.20,-0.03,-0.10,0.13,0.14,0.02,-0.10,-0.10,0.20,0.10,0.09,-0.10,0.20,0.09,-0.08
23/04/2021,0.20,0.20,-0.10,0.14,-0.10,0.20,-0.03,-0.10,0.13,0.14,0.02,-0.10,-0.10,0.20,0.10,0.09,-0.10,0.20,0.09,-0.08
26/04/2021,0.20,0.20,-0.10,0.13,-0.10,0.20,-0.02,-0.08,0.16,0.14,0.01,-0.10,-0.10,0.20,0.12,0.05,-0.10,0.20,0.09,-0.09
27/04/2021,0.20,0.20,-0.10,0.14,-0.10,0.20,-0.03,-0.10,0.13,0.14,0.02,-0.10,-0.10,0.20,0.10,0.09,-0.10,0.20,0.09,-0.08
28/04/2021,0.20,0.20,-0.10,0.14,-0.10,0.20,-0.03,-0.10,0.13,0.14,0.02,-0.10,-0.10,0.20,0.10,0.09,-0.10,0.20,0.09,-0.08
29/04/2021,0.20,0.20,-0.10,0.05,-0.10,0.20,-0.03,0.02,0.14,0.13,-0.01,-0.10,-0.10,0.20,0.11,0.04,-0.10,0.20,0.14,-0.10
30/04/2021,0.20,0.20,-0.10,0.14,-0.10,0.20,-0.03,-0.10,0.13,0.14,0.02,-0.10,-0.10,0.20,0.10,0.09,-0.10,0.20,0.09,-0.08
03/05/2021,0.20,0.20,-0.10,0.14,-0.10,0.20,-0.03,-0.10,0.13,0.14,0.02,-0.10,-0.10,0.20,0.10,0.09,-0.10,0.20,0.09,-0.08
04/05/2021,0.20,0.20,-0.10,-0.10,-0.10,0.20,-0.03,0.19,0.15,0.13,-0.01,-0.10,-0.10,0.20,0.04,0.04,-0.10,0.20,0.19,-0.10
05/05/2021,0.20,0.20,-0.10,-0.10,-0.10,0.20,-0.03,0.19,0.15,0.13,-0.01,-0.10,-0.10,0.20,0.04,0.04,-0.10,0.20,0.19,-0.10
06/05/2021,0.20,0.20,-0.10,-0.10,-0.10,0.20,-0.03,0.19,0.15,0.13,-0.01,-0.10,-0.10,0.20,0.04,0.04,-0.10,0.20,0.19,-0.10
07/05/2021,0.20,0.20,-0.10,-0.10,-0.10,0.20,-0.03,0.19,0.15,0.13,-0.01,-0.10,-0.10,0.20,0.04,0.04,-0.10,0.20,0.19,-0.10
10/05/2021,0.20,0.20,-0.10,-0.10,-0.10,0.20,-0.03,0.19,0.15,0.13,-0.01,-0.10,-0.10,0.20,0.04,0.04,-0.10,0.20,0.19,-0.10
11/05/2021,0.20,0.20,-0.10,-0.10,-0.10,0.20,-0.03,0.16,0.18,0.15,-0.02,-0.10,-0.10,0.20,0.02,0.04,-0.10,0.20,0.20,-0.10
12/05/2021,0.20,0.20,-0.10,-0.10,-0.10,0.20,-0.03,0.16,0.17,0.15,-0.02,-0.10,-0.10,0.20,0.04,0.04,-0.10,0.20,0.19,-0.10
13/05/2021,0.20,0.20,-0.10,-0.10,-0.10,0.20,-0.03,0.16,0.17,0.15,-0.03,-0.10,-0.10,0.20,0.02,0.05,-0.10,0.20,0.19,-0.10
14/05/2021,0.20,0.20,-0.10,-0.10,-0.10,0.20,-0.03,0.16,0.16,0.17,-0.02,-0.10,-0.10,0.20,0.02,0.05,-0.10,0.20,0.19,-0.10
17/05/2021,0.20,0.20,-0.10,-0.10,-0.10,0.20,-0.03,0.16,0.16,0.17,-0.02,-0.10,-0.10,0.20,0.02,0.05,-0.10,0.20,0.19,-0.10
18/05/2021,0.20,0.20,-0.10,-0.10,-0.10,0.20,-0.03,0.16,0.16,0.17,-0.02,-0.10,-0.10,0.20,0.02,0.05,-0.10,0.20,0.19,-0.10
19/05/2021,0.20,0.20,-0.10,-0.10,-0.10,0.20,-0.03,0.16,0.16,0.17,-0.02,-0.10,-0.10,0.20,0.02,0.05,-0.10,0.20,0.19,-0.10
20/05/2021,0.20,0.20,-0.10,-0.10,-0.10,0.20,-0.03,0.16,0.16,0.17,-0.02,-0.10,-0.10,0.20,0.02,0.05,-0.10,0.20,0.19,-0.10
21/05/2021,0.20,0.20,-0.10,-0.10,-0.10,0.20,-0.03,0.16,0.16,0.17,-0.02,-0.10,-0.10,0.20,0.02,0.05,-0.10,0.20,0.19,-0.10
24/05/2021,0.20,0.20,-0.10,-0.10,-0.10,0.20,-0.03,0.16,0.16,0.17,-0.02,-0.10,-0.10,0.20,0.02,0.05,-0.10,0.20,0.19,-0.10
25/05/2021,0.20,0.20,-0.10,-0.10,-0.10,0.20,-0.03,0.16,0.16,0.17,-0.02,-0.10,-0.10,0.20,0.02,0.05,-0.10,0.20,0.19,-0.10
26/05/2021,0.20,0.20,-0.10,-0.10,-0.10,0.20,-0.02,0.19,0.14,0.20,-0.03,-0.10,-0.10,0.20,0.00,0.04,-0.10,0.20,0.17,-0.10
27/05/2021,0.20,0.20,-0.10,-0.10,-0.10,0.20,-0.02,0.19,0.14,0.20,-0.03,-0.10,-0.10,0.20,0.00,0.04,-0.10,0.20,0.17,-0.10
28/05/2021,0.20,0.20,-0.10,-0.10,-0.10,0.20,-0.02,0.19,0.14,0.20,-0.03,-0.10,-0.10,0.20,0.00,0.04,-0.10,0.20,0.17,-0.10
01/06/2021,0.20,0.20,-0.10,-0.10,-0.10,0.20,-0.02,0.19,0.14,0.20,-0.03,-0.10,-0.10,0.20,0.00,0.04,-0.10,0.20,0.17,-0.10
02/06/2021,0.20,0.20,-0.10,-0.10,-0.07,0.20,-0.02,0.18,0.16,0.20,-0.02,-0.10,-0.10,0.20,-0.01,-0.01,-0.10,0.20,0.18,-0.10
03/06/2021,0.20,0.20,-0.10,-0.10,-0.07,0.20,-0.02,0.18,0.16,0.20,-0.02,-0.10,-0.10,0.20,-0.01,-0.01,-0.10,0.20,0.18,-0.10
04/06/2021,0.20,0.20,-0.10,-0.10,-0.07,0.20,-0.02,0.18,0.16,0.20,-0.02,-0.10,-0.10,0.20,-0.01,-0.01,-0.10,0.20,0.18,-0.10
07/06/2021,0.20,0.20,-0.10,-0.10,-0.07,0.20,-0.02,0.18,0.16,0.20,-0.02,-0.10,-0.10,0.20,-0.01,-0.01,-0.10,0.20,0.18,-0.10
08/06/2021,0.20,0.20,-0.10,-0.10,-0.07,0.20,-0.02,0.18,0.16,0.20,-0.02,-0.10,-0.10,0.20,-0.01,-0.01,-0.10,0.20,0.18,-0.10
09/06/2021,0.20,0.20,-0.10,-0.10,-0.07,0.20,-0.02,0.18,0.16,0.20,-0.02,-0.10,-0.10,0.20,-0.01,-0.01,-0.10,0.20,0.18,-0.10
10/06/2021,0.20,0.20,-0.10,-0.10,-0.07,0.20,-0.02,0.18,0.16,0.20,-0.02,-0.10,-0.10,0.20,-0.01,-0.01,-0.10,0.20,0.18,-0.10
11/06/2021,0.20,0.20,-0.10,-0.10,-0.07,0.20,-0.02,0.18,0.16,0.20,-0.02,-0.10,-0.10,0.20,-0.01,-0.01,-0.10,0.20,0.18,-0.10
14/06/2021,0.20,0.20,-0.10,-0.10,-0.07,0.20,-0.02,0.18,0.16,0.20,-0.02,-0.10,-0.10,0.20,-0.01,-0.01,-0.10,0.20,0.18,-0.10
15/06/2021,0.20,0.20,-0.10,-0.10,-0.07,0.20,-0.02,0.18,0.16,0.20,-0.02,-0.10,-0.10,0.20,-0.01,-0.01,-0.10,0.20,0.18,-0.10
16/06/2021,0.20,0.20,-0.10,-0.10,-0.07,0.20,-0.02,0.18,0.16,0.20,-0.02,-0.10,-0.10,0.20,-0.01,-0.01,-0.10,0.20,0.18,-0.10
17/06/2021,0.20,0.20,-0.10,-0.10,-0.07,0.20,-0.02,0.18,0.16,0.20,-0.02,-0.10,-0.10,0.20,-0.01,-0.01,-0.10,0.20,0.18,-0.10
18/06/2021,0.20,0.20,-0.10,-0.10,-0.07,0.20,-0.02,0.18,0.16,0.20,-0.02,-0.10,-0.10,0.20,-0.01,-0.01,-0.10,0.20,0.18,-0.10
21/06/2021,0.20,0.20,-0.10,-0.10,-0.07,0.20,-0.02,0.18,0.16,0.20,-0.02,-0.10,-0.10,0.20,-0.01,-0.01,-0.10,0.20,0.18,-0.10
22/06/2021,0.20,0.20,-0.10,-0.10,-0.09,0.20,0.02,0.20,0.13,0.17,-0.04,-0.10,-0.10,0.16,-0.01,0.07,-0.10,0.20,0.19,-0.10
23/06/2021,0.20,0.20,-0.10,-0.10,-0.10,0.20,0.02,0.19,0.13,0.16,-0.04,-0.10,-0.10,0.16,0.01,0.06,-0.10,0.20,0.20,-0.10
24/06/2021,0.20,0.20,-0.10,-0.10,-0.10,0.20,0.02,0.19,0.13,0.16,-0.04,-0.10,-0.10,0.16,0.01,0.06,-0.10,0.20,0.20,-0.10
25/06/2021,0.20,0.20,-0.10,-0.10,-0.10,0.20,0.02,0.19,0.13,0.16,-0.04,-0.10,-0.10,0.16,0.01,0.06,-0.10,0.20,0.20,-0.10
28/06/2021,0.20,0.20,-0.10,-0.10,-0.10,0.20,0.02,0.19,0.13,0.16,-0.04,-0.10,-0.10,0.16,0.01,0.06,-0.10,0.20,0.20,-0.10
29/06/2021,0.20,0.20,-0.10,-0.10,-0.10,0.20,0.02,0.19,0.13,0.16,-0.04,-0.10,-0.10,0.16,0.01,0.06,-0.10,0.20,0.20,-0.10
30/06/2021,0.20,0.20,-0.10,-0.10,-0.10,0.20,0.02,0.19,0.13,0.16,-0.04,-0.10,-0.10,0.16,0.01,0.06,-0.10,0.20,0.20,-0.10
01/07/2021,0.20,0.20,-0.10,-0.10,-0.10,0.20,0.02,0.19,0.13,0.16,-0.04,-0.10,-0.10,0.16,0.01,0.06,-0.10,0.20,0.20,-0.10
02/07/2021,0.20,0.20,-0.10,-0.10,-0.10,0.20,0.02,0.19,0.13,0.16,-0.04,-0.10,-0.10,0.16,0.01,0.06,-0.10,0.20,0.20,-0.10
06/07/2021,0.20,0.20,-0.10,-0.10,-0.10,0.20,0.02,0.19,0.13,0.16,-0.04,-0.10,-0.10,0.16,0.01,0.06,-0.10,0.20,0.20,-0.10
07/07/2021,0.20,0.20,-0.10,-0.10,-0.10,0.20,0.02,0.19,0.13,0.16,-0.04,-0.10,-0.10,0.16,0.01,0.06,-0.10,0.20,0.20,-0.10
08/07/2021,0.20,0.20,-0.10,-0.10,-0.10,0.20,0.03,0.20,0.13,0.16,-0.03,-0.10,-0.10,0.19,-0.04,0.08,-0.10,0.20,0.20,-0.10
09/07/2021,0.20,0.20,-0.10,-0.10,-0.10,0.20,0.02,0.19,0.13,0.16,-0.04,-0.10,-0.10,0.16,0.01,0.06,-0.10,0.20,0.20,-0.10
12/07/2021,0.20,0.20,-0.10,-0.10,-0.10,0.20,0.02,0.19,0.13,0.16,-0.04,-0.10,-0.10,0.16,0.01,0.06,-0.10,0.20,0.20,-0.10
13/07/2021,0.20,0.20,-0.10,-0.10,-0.10,0.20,0.02,0.17,0.13,0.18,0.04,-0.10,-0.10,0.17,-0.06,0.06,-0.10,0.20,0.20,-0.10
14/07/2021,0.20,0.20,-0.10,-0.10,-0.10,0.20,0.02,0.19,0.13,0.16,-0.04,-0.10,-0.10,0.16,0.01,0.06,-0.10,0.20,0.20,-0.10
15/07/2021,0.20,0.20,-0.10,-0.10,-0.10,0.20,0.02,0.19,0.13,0.16,-0.04,-0.10,-0.10,0.16,0.01,0.06,-0.10,0.20,0.20,-0.10
16/07/2021,0.20,0.20,-0.10,-0.10,-0.10,0.20,0.01,0.17,0.15,0.13,0.03,-0.10,-0.10,0.18,-0.03,0.06,-0.10,0.20,0.20,-0.10
19/07/2021,0.20,0.20,-0.10,-0.10,-0.10,0.20,0.00,0.18,0.15,0.13,0.03,-0.09,-0.10,0.17,-0.03,0.05,-0.10,0.20,0.20,-0.08
20/07/2021,0.20,0.20,-0.10,-0.09,-0.10,0.20,0.00,0.19,0.15,0.09,0.03,-0.09,-0.08,0.17,-0.02,0.06,-0.10,0.20,0.20,-0.10
21/07/2021,0.20,0.20,-0.10,-0.10,-0.10,0.20,0.00,0.18,0.15,0.13,0.03,-0.09,-0.10,0.17,-0.02,0.06,-0.10,0.20,0.20,-0.10
22/07/2021,0.20,0.20,-0.10,-0.10,-0.10,0.20,0.00,0.18,0.15,0.13,0.03,-0.09,-0.10,0.17,-0.02,0.06,-0.10,0.20,0.20,-0.10
23/07/2021,0.20,0.20,-0.10,-0.10,-0.10,0.20,0.00,0.18,0.15,0.13,0.03,-0.09,-0.10,0.17,-0.02,0.06,-0.10,0.20,0.20,-0.10
26/07/2021,0.20,0.20,-0.10,-0.10,-0.10,0.20,0.00,0.18,0.15,0.13,0.03,-0.09,-0.10,0.17,-0.02,0.06,-0.10,0.20,0.20,-0.10
27/07/2021,0.20,0.20,-0.10,-0.10,-0.10,0.20,0.00,0.18,0.15,0.13,0.03,-0.09,-0.10,0.17,-0.02,0.06,-0.10,0.20,0.20,-0.10
28/07/2021,0.20,0.20,-0.10,-0.10,-0.10,0.20,0.00,0.18,0.15,0.13,0.03,-0.09,-0.10,0.17,-0.02,0.06,-0.10,0.20,0.20,-0.10
29/07/2021,0.20,0.20,-0.10,-0.10,-0.10,0.20,0.00,0.18,0.15,0.13,0.03,-0.09,-0.10,0.17,-0.02,0.06,-0.10,0.20,0.20,-0.10
30/07/2021,0.20,0.20,-0.10,-0.10,-0.10,0.20,0.00,0.18,0.15,0.13,0.03,-0.09,-0.10,0.17,-0.02,0.06,-0.10,0.20,0.20,-0.10
02/08/2021,0.20,0.20,-0.10,-0.09,-0.09,0.20,0.01,0.18,0.16,0.10,0.04,-0.10,-0.10,0.20,0.02,0.04,-0.10,0.20,0.13,-0.10
03/08/2021,0.20,0.20,-0.10,-0.10,-0.09,0.20,0.02,0.20,0.17,0.10,0.04,-0.10,-0.10,0.20,0.00,0.04,-0.10,0.20,0.13,-0.10
04/08/2021,0.20,0.20,-0.10,-0.04,-0.10,0.20,0.02,0.14,0.18,0.11,0.04,-0.10,-0.10,0.20,-0.03,0.04,-0.10,0.20,0.13,-0.10
05/08/2021,0.20,0.20,-0.10,-0.04,-0.10,0.20,0.02,0.14,0.18,0.11,0.04,-0.10,-0.10,0.20,-0.03,0.04,-0.10,0.20,0.13,-0.10
06/08/2021,0.20,0.20,-0.10,-0.04,-0.10,0.20,0.02,0.14,0.18,0.11,0.04,-0.10,-0.10,0.20,-0.03,0.04,-0.10,0.20,0.13,-0.10
09/08/2021,0.20,0.20,-0.10,0.05,-0.10,0.20,0.03,0.14,0.18,0.11,0.04,-0.10,-0.10,0.20,-0.03,0.04,-0.10,0.20,0.13,-0.10
10/08/2021,0.20,0.20,-0.10,-0.04,-0.10,0.20,0.02,0.14,0.18,0.11,0.04,-0.10,-0.10,0.20,-0.03,0.04,-0.10,0.20,0.13,-0.10
11/08/2021,0.20,0.20,-0.10,-0.04,-0.10,0.20,0.02,0.14,0.18,0.11,0.04,-0.10,-0.10,0.20,-0.03,0.04,-0.10,0.20,0.13,-0.10
12/08/2021,0.20,0.20,-0.10,-0.04,-0.10,0.20,0.02,0.14,0.18,0.11,0.04,-0.10,-0.10,0.20,-0.03,0.04,-0.10,0.20,0.13,-0.10
13/08/2021,0.20,0.20,-0.10,-0.08,-0.10,0.20,0.00,0.20,0.14,0.18,0.05,-0.10,-0.10,0.20,-0.04,0.02,-0.10,0.20,0.11,-0.08
16/08/2021,0.20,0.20,-0.10,-0.07,-0.10,0.20,0.01,0.20,0.14,0.17,0.05,-0.10,-0.10,0.20,-0.06,0.02,-0.10,0.20,0.11,-0.09
17/08/2021,0.20,0.20,-0.10,-0.08,-0.10,0.20,0.01,0.20,0.15,0.17,0.06,-0.10,-0.10,0.20,-0.06,0.02,-0.10,0.20,0.11,-0.09
18/08/2021,0.20,0.20,-0.10,-0.09,-0.10,0.20,0.03,0.20,0.14,0.17,0.05,-0.10,-0.10,0.20,-0.06,0.02,-0.10,0.20,0.11,-0.09
19/08/2021,0.20,0.20,-0.10,-0.07,-0.10,0.20,0.01,0.20,0.14,0.17,0.05,-0.10,-0.10,0.20,-0.06,0.02,-0.10,0.20,0.11,-0.09
20/08/2021,0.20,0.20,-0.10,-0.07,-0.10,0.20,0.01,0.20,0.14,0.17,0.05,-0.10,-0.10,0.20,-0.06,0.02,-0.10,0.20,0.11,-0.09
23/08/2021,0.20,0.20,-0.10,-0.07,-0.10,0.20,0.01,0.20,0.18,0.17,0.05,-0.10,-0.10,0.20,-0.10,0.03,-0.10,0.20,0.11,-0.09
24/08/2021,0.20,0.20,-0.10,-0.07,-0.10,0.20,0.01,0.20,0.14,0.17,0.05,-0.10,-0.10,0.20,-0.06,0.02,-0.10,0.20,0.11,-0.09
25/08/2021,0.20,0.20,-0.10,-0.07,-0.10,0.20,0.01,0.20,0.14,0.17,0.05,-0.10,-0.10,0.20,-0.06,0.02,-0.10,0.20,0.11,-0.09
26/08/2021,0.20,0.20,-0.10,-0.07,-0.10,0.20,0.01,0.14,0.14,0.17,0.05,-0.04,-0.10,0.20,-0.06,0.02,-0.10,0.20,0.11,-0.09
27/08/2021,0.20,0.20,-0.10,-0.07,-0.10,0.20,0.01,0.20,0.14,0.17,0.05,-0.10,-0.10,0.20,-0.06,0.02,-0.10,0.20,0.11,-0.09
30/08/2021,0.20,0.20,-0.10,-0.07,-0.10,0.20,0.01,0.20,0.14,0.17,0.05,-0.10,-0.10,0.20,-0.06,0.02,-0.10,0.20,0.11,-0.09
31/08/2021,0.20,0.20,-0.10,-0.07,-0.10,0.20,0.01,0.20,0.14,0.17,0.05,-0.10,-0.10,0.20,-0.06,0.02,-0.10,0.20,0.11,-0.09
01/09/2021,0.20,0.20,-0.10,-0.07,-0.10,0.20,0.01,0.20,0.14,0.17,0.05,-0.10,-0.10,0.20,-0.06,0.02,-0.10,0.20,0.11,-0.09
02/09/2021,0.20,0.20,-0.10,-0.07,-0.10,0.20,0.01,0.20,0.14,0.17,0.05,-0.10,-0.10,0.20,-0.06,0.02,-0.10,0.20,0.11,-0.09
03/09/2021,0.20,0.20,-0.10,-0.07,-0.10,0.20,0.02,0.20,0.14,0.18,0.05,-0.10,-0.10,0.20,-0.07,0.02,-0.10,0.20,0.11,-0.09
07/09/2021,0.20,0.20,-0.10,-0.07,-0.10,0.20,0.01,0.20,0.14,0.17,0.05,-0.10,-0.10,0.20,-0.06,0.02,-0.10,0.20,0.11,-0.09
08/09/2021,0.20,0.20,-0.10,-0.07,-0.10,0.20,0.01,0.20,0.14,0.17,0.05,-0.10,-0.10,0.20,-0.06,0.02,-0.10,0.20,0.11,-0.09
09/09/2021,0.20,0.20,-0.10,-0.07,-0.10,0.20,0.01,0.20,0.14,0.17,0.05,-0.10,-0.10,0.20,-0.06,0.02,-0.10,0.20,0.11,-0.09
10/09/2021,0.20,0.20,-0.10,0.01,-0.10,0.20,0.02,0.20,0.15,0.20,0.02,-0.10,-0.10,0.20,-0.10,0.00,-0.10,0.20,0.10,-0.10
13/09/2021,0.20,0.20,-0.10,0.01,-0.10,0.20,0.02,0.20,0.15,0.20,0.02,-0.10,-0.10,0.20,-0.10,0.00,-0.10,0.20,0.10,-0.10
14/09/2021,0.20,0.20,-0.10,0.01,-0.10,0.20,0.02,0.20,0.15,0.20,0.02,-0.10,-0.10,0.20,-0.10,0.00,-0.10,0.20,0.10,-0.10
15/09/2021,0.20,0.20,-0.10,0.01,-0.10,0.20,0.02,0.20,0.15,0.20,0.02,-0.10,-0.10,0.20,-0.10,0.00,-0.10,0.20,0.10,-0.10
16/09/2021,0.20,0.20,-0.10,0.01,-0.10,0.20,0.02,0.20,0.15,0.20,0.02,-0.10,-0.10,0.20,-0.10,0.00,-0.10,0.20,0.10,-0.10
17/09/2021,0.20,0.20,-0.10,0.01,-0.10,0.20,0.02,0.20,0.15,0.20,0.02,-0.10,-0.10,0.20,-0.10,0.00,-0.10,0.20,0.10,-0.10
20/09/2021,0.20,0.20,-0.10,0.20,-0.10,0.20,0.02,0.00,0.17,0.16,0.02,-0.10,-0.10,0.20,-0.10,-0.02,-0.10,0.20,0.14,-0.10
21/09/2021,0.20,0.20,-0.10,0.20,-0.10,0.20,0.02,0.01,0.17,0.15,0.01,-0.10,-0.10,0.20,-0.10,-0.01,-0.10,0.20,0.15,-0.10
22/09/2021,0.20,0.20,-0.10,0.20,-0.10,0.20,0.02,0.01,0.17,0.15,0.01,-0.10,-0.10,0.20,-0.10,-0.01,-0.10,0.20,0.15,-0.10
23/09/2021,0.20,0.20,-0.10,0.20,-0.10,0.20,0.02,0.01,0.17,0.15,0.01,-0.10,-0.10,0.20,-0.10,-0.01,-0.10,0.20,0.15,-0.10
24/09/2021,0.20,0.20,-0.10,0.04,-0.10,0.20,0.03,0.16,0.15,0.20,0.01,-0.10,-0.10,0.20,-0.10,-0.01,-0.10,0.20,0.13,-0.10
27/09/2021,0.20,0.20,-0.10,0.04,-0.10,0.20,0.03,0.16,0.15,0.20,0.01,-0.10,-0.10,0.20,-0.10,-0.01,-0.10,0.20,0.13,-0.10
28/09/2021,0.20,0.20,-0.10,0.04,-0.10,0.20,0.03,0.16,0.15,0.20,0.01,-0.10,-0.10,0.20,-0.10,-0.01,-0.10,0.20,0.13,-0.10
29/09/2021,0.20,0.20,-0.10,0.11,-0.10,0.20,0.01,0.08,0.14,0.20,0.01,-0.10,-0.09,0.20,-0.10,-0.01,-0.10,0.20,0.14,-0.10
30/09/2021,0.20,0.20,-0.10,0.20,-0.10,0.20,0.01,-0.02,0.14,0.20,0.01,-0.10,-0.08,0.20,-0.10,0.01,-0.10,0.20,0.14,-0.10
01/10/2021,0.20,0.20,-0.10,0.20,-0.10,0.20,0.01,-0.02,0.14,0.20,0.01,-0.10,-0.08,0.20,-0.10,0.01,-0.10,0.20,0.14,-0.10
04/10/2021,0.20,0.20,-0.10,0.20,-0.10,0.20,0.01,-0.02,0.14,0.20,0.01,-0.10,-0.08,0.20,-0.10,0.01,-0.10,0.20,0.14,-0.10
05/10/2021,0.20,0.20,-0.10,0.20,-0.10,0.20,0.01,-0.02,0.14,0.20,0.01,-0.10,-0.08,0.20,-0.10,0.01,-0.10,0.20,0.14,-0.10
06/10/2021,0.20,0.20,-0.10,0.20,-0.10,0.20,0.01,-0.02,0.14,0.20,0.01,-0.10,-0.08,0.20,-0.10,0.01,-0.10,0.20,0.14,-0.10
07/10/2021,0.20,0.20,-0.10,0.20,-0.10,0.20,0.01,-0.02,0.14,0.20,0.01,-0.10,-0.08,0.20,-0.10,0.01,-0.10,0.20,0.14,-0.10
08/10/2021,0.18,0.20,-0.10,0.20,-0.10,0.20,0.02,0.02,0.11,0.20,0.01,-0.10,-0.10,0.20,-0.09,0.05,-0.10,0.20,0.09,-0.10
11/10/2021,0.18,0.20,-0.10,0.20,-0.10,0.20,0.02,0.02,0.11,0.20,0.01,-0.10,-0.10,0.20,-0.09,0.05,-0.10,0.20,0.09,-0.10
12/10/2021,0.18,0.20,-0.10,0.20,-0.10,0.20,0.02,0.02,0.11,0.20,0.01,-0.10,-0.10,0.20,-0.09,0.05,-0.10,0.20,0.09,-0.10
13/10/2021,0.18,0.20,-0.10,0.20,-0.10,0.20,0.02,0.02,0.11,0.20,0.01,-0.10,-0.10,0.20,-0.09,0.05,-0.10,0.20,0.09,-0.10
14/10/2021,0.18,0.20,-0.10,0.12,-0.10,0.20,0.03,0.09,0.11,0.20,0.00,-0.10,-0.08,0.20,-0.10,0.04,-0.10,0.20,0.11,-0.10
15/10/2021,0.17,0.20,-0.10,0.15,-0.10,0.20,0.03,0.05,0.13,0.20,0.01,-0.10,-0.08,0.20,-0.10,0.02,-0.10,0.20,0.12,-0.10
18/10/2021,0.17,0.20,-0.10,0.20,-0.10,0.20,0.02,0.01,0.13,0.20,0.01,-0.10,-0.06,0.20,-0.10,0.00,-0.10,0.20,0.12,-0.10
19/10/2021,0.17,0.20,-0.10,0.20,-0.10,0.20,0.02,0.01,0.13,0.20,0.01,-0.10,-0.06,0.20,-0.10,0.00,-0.10,0.20,0.12,-0.10
20/10/2021,0.17,0.20,-0.10,0.20,-0.10,0.20,0.02,0.01,0.13,0.20,0.01,-0.10,-0.06,0.20,-0.10,0.00,-0.10,0.20,0.12,-0.10
21/10/2021,0.16,0.20,-0.10,0.07,-0.10,0.20,0.04,0.11,0.14,0.20,0.01,-0.10,-0.04,0.20,-0.10,0.01,-0.10,0.20,0.11,-0.10
22/10/2021,0.15,0.20,-0.10,0.14,-0.10,0.20,0.05,0.04,0.14,0.19,0.01,-0.10,-0.05,0.20,-0.10,0.01,-0.10,0.20,0.13,-0.10
25/10/2021,0.15,0.20,-0.10,0.14,-0.10,0.20,0.05,0.04,0.14,0.19,0.01,-0.10,-0.05,0.20,-0.10,0.01,-0.10,0.20,0.13,-0.10
26/10/2021,0.15,0.20,-0.10,0.14,-0.10,0.20,0.05,0.04,0.14,0.19,0.01,-0.10,-0.05,0.20,-0.10,0.01,-0.10,0.20,0.13,-0.10
27/10/2021,0.15,0.20,-0.10,0.14,-0.10,0.20,0.05,0.04,0.14,0.19,0.01,-0.10,-0.05,0.20,-0.10,0.01,-0.10,0.20,0.13,-0.10
28/10/2021,0.15,0.20,-0.10,0.14,-0.10,0.20,0.05,0.04,0.14,0.19,0.01,-0.10,-0.05,0.20,-0.10,0.01,-0.10,0.20,0.13,-0.10
29/10/2021,0.15,0.20,-0.10,0.14,-0.10,0.20,0.05,0.04,0.14,0.19,0.01,-0.10,-0.05,0.20,-0.10,0.01,-0.10,0.20,0.13,-0.10
01/11/2021,0.15,0.20,-0.06,0.10,-0.10,0.20,0.05,0.04,0.14,0.19,0.01,-0.10,-0.05,0.20,-0.10,0.01,-0.10,0.20,0.13,-0.10
02/11/2021,0.15,0.20,-0.10,0.14,-0.10,0.20,0.05,0.04,0.14,0.19,0.01,-0.10,-0.05,0.20,-0.10,0.01,-0.10,0.20,0.13,-0.10
03/11/2021,0.15,0.20,-0.10,0.14,-0.10,0.20,0.05,0.04,0.14,0.19,0.01,-0.10,-0.05,0.20,-0.10,0.01,-0.10,0.20,0.13,-0.10
04/11/2021,0.15,0.20,-0.10,0.14,-0.10,0.20,0.05,0.04,0.14,0.19,0.01,-0.10,-0.05,0.20,-0.10,0.01,-0.10,0.20,0.13,-0.10
05/11/2021,0.15,0.20,-0.10,0.14,-0.10,0.20,0.05,0.06,0.14,0.19,0.01,-0.10,-0.07,0.20,-0.10,0.01,-0.10,0.20,0.13,-0.10
08/11/2021,0.15,0.20,-0.10,0.14,-0.10,0.20,0.05,0.04,0.14,0.19,0.01,-0.10,-0.05,0.20,-0.10,0.01,-0.10,0.20,0.13,-0.10
09/11/2021,0.15,0.20,-0.10,0.14,-0.10,0.20,0.05,0.04,0.14,0.19,0.01,-0.10,-0.05,0.20,-0.10,0.01,-0.10,0.20,0.13,-0.10
10/11/2021,0.18,0.20,-0.10,0.13,-0.10,0.20,0.09,0.03,0.14,0.12,-0.01,-0.10,-0.06,0.20,-0.10,0.00,-0.10,0.20,0.17,-0.10
11/11/2021,0.18,0.20,-0.10,0.01,-0.10,0.20,0.08,0.16,0.14,0.09,-0.01,-0.10,-0.03,0.20,-0.10,0.02,-0.10,0.20,0.17,-0.10
12/11/2021,0.20,0.20,-0.10,-0.02,-0.10,0.20,0.08,0.17,0.14,0.10,-0.01,-0.10,-0.03,0.20,-0.10,0.02,-0.10,0.20,0.16,-0.10
15/11/2021,0.20,0.20,-0.10,-0.02,-0.10,0.20,0.08,0.17,0.14,0.10,-0.01,-0.10,-0.03,0.20,-0.10,0.02,-0.10,0.20,0.16,-0.10
16/11/2021,0.20,0.20,-0.10,-0.02,-0.10,0.20,0.08,0.17,0.14,0.10,-0.01,-0.10,-0.03,0.20,-0.10,0.02,-0.10,0.20,0.16,-0.10
17/11/2021,0.20,0.20,-0.10,-0.02,-0.10,0.20,0.08,0.17,0.14,0.10,-0.01,-0.10,-0.03,0.20,-0.10,0.02,-0.10,0.20,0.16,-0.10
18/11/2021,0.20,0.20,-0.10,0.17,-0.10,0.20,0.11,-0.02,0.14,0.08,-0.02,-0.10,-0.03,0.20,-0.10,0.01,-0.10,0.20,0.16,-0.10
19/11/2021,0.20,0.20,-0.10,0.17,-0.10,0.20,0.11,-0.02,0.14,0.08,-0.02,-0.10,-0.03,0.20,-0.10,0.01,-0.10,0.20,0.16,-0.10
22/11/2021,0.20,0.20,-0.10,0.17,-0.10,0.20,0.11,-0.02,0.14,0.08,-0.02,-0.10,-0.03,0.20,-0.10,0.01,-0.10,0.20,0.16,-0.10
23/11/2021,0.20,0.20,-0.10,0.17,-0.10,0.20,0.11,-0.02,0.14,0.08,-0.02,-0.10,-0.04,0.20,-0.10,0.01,-0.10,0.20,0.16,-0.10
24/11/2021,0.20,0.20,-0.10,0.17,-0.10,0.20,0.11,-0.02,0.14,0.08,-0.02,-0.10,-0.03,0.20,-0.10,0.01,-0.10,0.20,0.16,-0.10
26/11/2021,0.20,0.20,-0.10,0.15,-0.10,0.20,0.11,-0.04,0.14,0.08,-0.02,-0.10,-0.03,0.20,-0.10,0.01,-0.10,0.20,0.16,-0.06
29/11/2021,0.20,0.20,-0.10,0.17,-0.10,0.20,0.11,-0.02,0.14,0.08,-0.02,-0.10,-0.03,0.20,-0.10,0.01,-0.10,0.20,0.16,-0.10
30/11/2021,0.20,0.20,-0.10,0.17,-0.10,0.20,0.11,-0.02,0.14,0.08,-0.02,-0.10,-0.03,0.20,-0.10,0.01,-0.10,0.20,0.16,-0.10
01/12/2021,0.20,0.20,-0.10,0.15,-0.10,0.20,0.11,-0.02,0.16,0.08,-0.02,-0.10,-0.03,0.20,-0.10,0.01,-0.10,0.20,0.16,-0.10
02/12/2021,0.20,0.20,-0.10,0.07,-0.10,0.20,0.13,0.07,0.15,0.16,-0.02,-0.10,-0.07,0.20,-0.10,-0.04,-0.10,0.20,0.16,-0.10
03/12/2021,0.20,0.20,-0.10,0.17,-0.10,0.20,0.11,-0.02,0.14,0.08,-0.02,-0.10,-0.03,0.20,-0.10,0.01,-0.10,0.20,0.16,-0.10
06/12/2021,0.20,0.20,-0.10,0.17,-0.10,0.20,0.11,-0.02,0.15,0.09,-0.02,-0.10,-0.03,0.20,-0.10,0.01,-0.10,0.20,0.16,-0.10
07/12/2021,0.20,0.20,-0.10,0.17,-0.10,0.20,0.11,-0.02,0.14,0.08,-0.02,-0.10,-0.03,0.20,-0.10,0.01,-0.10,0.20,0.16,-0.10
08/12/2021,0.20,0.20,-0.10,0.17,-0.10,0.20,0.11,-0.02,0.14,0.08,-0.02,-0.10,-0.03,0.20,-0.10,0.01,-0.10,0.20,0.16,-0.10
09/12/2021,0.20,0.20,-0.10,0.17,-0.10,0.20,0.11,-0.02,0.14,0.08,-0.02,-0.10,-0.03,0.20,-0.10,0.01,-0.10,0.20,0.16,-0.10
10/12/2021,0.20,0.20,-0.10,0.14,-0.10,0.20,0.13,0.00,0.17,0.11,-0.05,-0.10,-0.01,0.20,-0.10,-0.10,-0.08,0.20,0.20,-0.10
13/12/2021,0.20,0.20,-0.10,0.15,-0.10,0.20,0.11,-0.03,0.18,0.10,-0.03,-0.10,-0.02,0.20,-0.10,-0.09,-0.08,0.20,0.20,-0.10
14/12/2021,0.20,0.20,-0.10,0.15,-0.10,0.20,0.11,-0.03,0.18,0.10,-0.03,-0.10,-0.02,0.20,-0.10,-0.09,-0.08,0.20,0.20,-0.10
15/12/2021,0.20,0.20,-0.10,0.15,-0.10,0.20,0.11,-0.03,0.18,0.10,-0.03,-0.10,-0.02,0.20,-0.10,-0.09,-0.08,0.20,0.20,-0.10
16/12/2021,0.20,0.20,-0.10,0.15,-0.10,0.20,0.11,-0.03,0.18,0.10,-0.03,-0.10,-0.02,0.20,-0.10,-0.09,-0.08,0.20,0.20,-0.10
17/12/2021,0.20,0.20,-0.10,0.15,-0.10,0.20,0.11,-0.03,0.18,0.10,-0.03,-0.10,-0.02,0.20,-0.10,-0.09,-0.08,0.20,0.20,-0.10
20/12/2021,0.20,0.20,-0.10,0.15,-0.10,0.20,0.11,-0.03,0.18,0.10,-0.03,-0.10,-0.02,0.20,-0.10,-0.09,-0.08,0.20,0.20,-0.10
21/12/2021,0.20,0.20,-0.10,0.11,-0.10,0.20,0.11,-0.02,0.20,0.09,-0.02,-0.10,-0.03,0.20,-0.10,-0.05,-0.08,0.20,0.20,-0.10
22/12/2021,0.20,0.20,-0.10,0.13,-0.10,0.20,0.12,-0.05,0.20,0.12,-0.02,-0.10,-0.05,0.20,-0.10,-0.06,-0.09,0.20,0.19,-0.10
23/12/2021,0.20,0.20,-0.10,0.13,-0.10,0.20,0.12,-0.05,0.20,0.12,-0.02,-0.10,-0.05,0.20,-0.10,-0.06,-0.09,0.20,0.19,-0.10
27/12/2021,0.20,0.20,-0.10,0.13,-0.10,0.20,0.12,-0.05,0.20,0.12,-0.02,-0.10,-0.05,0.20,-0.10,-0.06,-0.09,0.20,0.19,-0.10
28/12/2021,0.20,0.20,-0.10,0.13,-0.10,0.20,0.12,-0.05,0.20,0.12,-0.02,-0.10,-0.05,0.20,-0.10,-0.06,-0.09,0.20,0.19,-0.10
29/12/2021,0.20,0.20,-0.10,0.13,-0.10,0.20,0.12,-0.05,0.20,0.12,-0.02,-0.10,-0.05,0.20,-0.10,-0.06,-0.09,0.20,0.19,-0.10
30/12/2021,0.20,0.20,-0.10,0.17,-0.10,0.20,0.11,-0.10,0.20,0.13,-0.01,-0.10,-0.08,0.20,-0.10,-0.05,-0.08,0.20,0.20,-0.10
31/12/2021,0.20,0.20,-0.10,0.17,-0.10,0.20,0.11,-0.10,0.20,0.13,-0.01,-0.10,-0.08,0.20,-0.10,-0.05,-0.08,0.20,0.20,-0.10
03/01/2022,0.20,0.20,-0.10,0.17,-0.10,0.20,0.11,-0.10,0.20,0.13,-0.01,-0.10,-0.08,0.20,-0.10,-0.05,-0.08,0.20,0.20,-0.10
04/01/2022,0.20,0.20,-0.10,0.17,-0.10,0.20,0.11,-0.10,0.20,0.13,-0.01,-0.10,-0.08,0.20,-0.10,-0.05,-0.08,0.20,0.20,-0.10
05/01/2022,0.20,0.20,-0.10,0.17,-0.10,0.20,0.11,-0.10,0.20,0.13,-0.01,-0.10,-0.08,0.20,-0.10,-0.05,-0.08,0.20,0.20,-0.10
06/01/2022,0.20,0.20,-0.10,0.14,-0.10,0.20,0.11,-0.10,0.20,0.13,-0.02,-0.10,-0.04,0.20,-0.10,-0.04,-0.07,0.20,0.20,-0.10
07/01/2022,0.20,0.20,-0.10,0.14,-0.10,0.20,0.11,-0.10,0.20,0.13,-0.02,-0.10,-0.04,0.20,-0.10,-0.04,-0.07,0.20,0.20,-0.10
10/01/2022,0.20,0.20,-0.10,0.14,-0.10,0.20,0.11,-0.10,0.20,0.13,-0.02,-0.10,-0.04,0.20,-0.10,-0.04,-0.07,0.20,0.20,-0.10
11/01/2022,0.20,0.20,-0.10,0.14,-0.10,0.20,0.11,-0.10,0.20,0.13,-0.02,-0.10,-0.04,0.20,-0.10,-0.04,-0.07,0.20,0.20,-0.10
12/01/2022,0.20,0.20,-0.10,0.14,-0.10,0.20,0.11,-0.10,0.20,0.13,-0.02,-0.10,-0.04,0.20,-0.10,-0.04,-0.07,0.20,0.20,-0.10
13/01/2022,0.20,0.20,-0.10,0.14,-0.10,0.20,0.11,-0.10,0.20,0.13,-0.02,-0.10,-0.04,0.20,-0.10,-0.04,-0.07,0.20,0.20,-0.10
14/01/2022,0.20,0.20,-0.10,0.14,-0.10,0.20,0.11,-0.10,0.20,0.13,-0.02,-0.10,-0.04,0.20,-0.10,-0.04,-0.07,0.20,0.20,-0.10
18/01/2022,0.20,0.20,-0.10,0.14,-0.10,0.20,0.11,-0.10,0.20,0.13,-0.02,-0.10,-0.04,0.20,-0.10,-0.04,-0.07,0.20,0.20,-0.10
19/01/2022,0.20,0.20,-0.10,0.13,-0.01,0.20,0.11,-0.05,0.15,0.10,-0.04,-0.10,-0.10,0.20,-0.10,-0.02,-0.06,0.20,0.20,-0.10
20/01/2022,0.20,0.20,-0.10,0.13,-0.01,0.20,0.11,-0.05,0.15,0.10,-0.04,-0.10,-0.10,0.20,-0.10,-0.02,-0.06,0.20,0.20,-0.10
21/01/2022,0.20,0.20,-0.10,0.13,-0.01,0.20,0.11,-0.05,0.15,0.10,-0.04,-0.10,-0.10,0.20,-0.10,-0.02,-0.06,0.20,0.20,-0.10
24/01/2022,0.20,0.20,-0.10,0.13,-0.01,0.20,0.11,-0.05,0.15,0.10,-0.04,-0.10,-0.10,0.20,-0.10,-0.02,-0.06,0.20,0.20,-0.10
25/01/2022,0.20,0.20,-0.10,0.13,-0.01,0.20,0.11,-0.05,0.15,0.10,-0.04,-0.10,-0.10,0.20,-0.10,-0.02,-0.06,0.20,0.20,-0.10
26/01/2022,0.20,0.20,-0.10,0.15,-0.06,0.20,0.12,-0.10,0.16,0.05,-0.06,-0.10,-0.04,0.20,-0.10,0.00,-0.02,0.20,0.20,-0.10
27/01/2022,0.20,0.20,-0.10,0.14,-0.05,0.20,0.11,-0.10,0.17,0.05,-0.04,-0.10,-0.01,0.20,-0.10,-0.02,-0.02,0.20,0.18,-0.10
28/01/2022,0.20,0.20,-0.10,0.14,-0.05,0.20,0.11,-0.10,0.17,0.05,-0.04,-0.10,-0.01,0.20,-0.10,-0.02,-0.02,0.20,0.18,-0.10
31/01/2022,0.20,0.20,-0.10,0.14,-0.05,0.20,0.11,-0.10,0.17,0.05,-0.04,-0.10,-0.01,0.20,-0.10,-0.02,-0.02,0.20,0.18,-0.10
01/02/2022,0.20,0.20,-0.10,0.14,-0.05,0.20,0.11,-0.10,0.17,0.05,-0.04,-0.10,-0.01,0.20,-0.10,-0.02,-0.02,0.20,0.18,-0.10
02/02/2022,0.20,0.20,-0.10,0.14,-0.05,0.20,0.11,-0.10,0.17,0.05,-0.04,-0.10,-0.01,0.20,-0.10,-0.02,-0.02,0.20,0.18,-0.10
03/02/2022,0.20,0.20,-0.10,0.20,-0.03,0.20,0.10,-0.09,0.16,0.00,-0.04,-0.10,-0.02,0.20,-0.10,-0.05,-0.03,0.20,0.20,-0.10
04/02/2022,0.20,0.20,-0.10,0.20,-0.03,0.20,0.10,-0.10,0.19,0.04,-0.05,-0.10,-0.04,0.20,-0.10,-0.08,-0.02,0.20,0.20,-0.10
07/02/2022,0.20,0.20,-0.10,0.20,-0.03,0.20,0.10,-0.10,0.19,0.04,-0.05,-0.10,-0.04,0.20,-0.10,-0.08,-0.02,0.20,0.20,-0.10
08/02/2022,0.20,0.20,-0.10,0.20,-0.03,0.20,0.10,-0.10,0.19,0.04,-0.05,-0.10,-0.04,0.20,-0.10,-0.08,-0.02,0.20,0.20,-0.10
09/02/2022,0.20,0.20,-0.10,0.20,-0.03,0.20,0.10,-0.10,0.19,0.04,-0.05,-0.10,-0.04,0.20,-0.10,-0.08,-0.02,0.20,0.20,-0.10
10/02/2022,0.20,0.20,-0.10,0.20,-0.03,0.20,0.10,-0.10,0.19,0.04,-0.05,-0.10,-0.04,0.20,-0.10,-0.08,-0.02,0.20,0.20,-0.10
11/02/2022,0.20,0.20,-0.10,0.20,-0.03,0.20,0.10,-0.10,0.19,0.04,-0.05,-0.10,-0.04,0.20,-0.10,-0.08,-0.02,0.20,0.20,-0.10
14/02/2022,0.20,0.20,-0.10,0.20,-0.03,0.20,0.10,-0.10,0.19,0.04,-0.05,-0.10,-0.04,0.20,-0.10,-0.08,-0.02,0.20,0.20,-0.10
15/02/2022,0.20,0.20,-0.10,0.18,-0.03,0.20,0.11,-0.10,0.19,0.05,-0.05,-0.10,-0.03,0.20,-0.10,-0.10,0.00,0.20,0.19,-0.10
16/02/2022,0.20,0.20,-0.10,0.17,-0.04,0.20,0.12,-0.10,0.19,0.07,-0.05,-0.10,-0.05,0.20,-0.10,-0.10,0.00,0.20,0.19,-0.10
17/02/2022,0.20,0.20,-0.10,0.17,-0.04,0.20,0.12,-0.10,0.19,0.07,-0.05,-0.10,-0.05,0.20,-0.10,-0.10,0.00,0.20,0.19,-0.10
18/02/2022,0.20,0.20,-0.10,0.17,-0.04,0.20,0.12,-0.10,0.19,0.07,-0.05,-0.10,-0.05,0.20,-0.10,-0.10,0.00,0.20,0.19,-0.10
22/02/2022,0.20,0.20,-0.10,0.17,-0.04,0.20,0.12,-0.10,0.19,0.07,-0.05,-0.10,-0.05,0.20,-0.10,-0.10,0.00,0.20,0.19,-0.10
23/02/2022,0.20,0.20,-0.10,0.17,-0.04,0.20,0.12,-0.10,0.19,0.07,-0.05,-0.10,-0.05,0.20,-0.10,-0.10,0.00,0.20,0.19,-0.10
24/02/2022,0.20,0.20,-0.10,0.17,-0.04,0.20,0.12,-0.10,0.19,0.07,-0.05,-0.10,-0.05,0.20,-0.10,-0.10,0.00,0.20,0.19,-0.10
25/02/2022,0.20,0.20,-0.10,0.17,-0.04,0.20,0.12,-0.10,0.19,0.07,-0.05,-0.10,-0.05,0.20,-0.10,-0.10,0.00,0.20,0.19,-0.10
28/02/2022,0.20,0.20,-0.10,0.17,-0.04,0.20,0.12,-0.10,0.19,0.07,-0.05,-0.10,-0.05,0.20,-0.10,-0.10,0.00,0.20,0.19,-0.10
01/03/2022,0.20,0.20,-0.10,0.13,0.10,0.20,0.11,-0.10,0.20,-0.05,-0.04,-0.10,-0.04,0.20,-0.10,-0.10,0.01,0.20,0.18,-0.10
02/03/2022,0.20,0.20,-0.10,0.13,0.10,0.20,0.11,-0.10,0.20,-0.05,-0.04,-0.10,-0.04,0.20,-0.10,-0.10,0.01,0.20,0.18,-0.10
03/03/2022,0.20,0.20,-0.10,0.13,0.10,0.20,0.11,-0.10,0.20,-0.05,-0.04,-0.10,-0.04,0.20,-0.10,-0.10,0.01,0.20,0.18,-0.10
04/03/2022,0.20,0.20,-0.10,0.13,0.10,0.20,0.11,-0.10,0.20,-0.05,-0.04,-0.10,-0.04,0.20,-0.10,-0.10,0.01,0.20,0.18,-0.10
07/03/2022,0.20,0.20,-0.10,0.13,0.10,0.20,0.11,-0.10,0.20,-0.05,-0.04,-0.10,-0.04,0.20,-0.10,-0.10,0.01,0.20,0.18,-0.10
08/03/2022,0.20,0.20,-0.10,0.13,0.10,0.20,0.11,-0.10,0.20,-0.05,-0.04,-0.10,-0.04,0.20,-0.10,-0.10,0.01,0.20,0.18,-0.10
09/03/2022,0.20,0.20,-0.10,0.13,0.10,0.20,0.11,-0.10,0.20,-0.05,-0.04,-0.10,-0.04,0.20,-0.10,-0.10,0.01,0.20,0.18,-0.10
10/03/2022,0.20,0.20,-0.10,0.13,0.10,0.20,0.11,-0.10,0.20,-0.05,-0.04,-0.10,-0.04,0.20,-0.10,-0.10,0.01,0.20,0.18,-0.10
11/03/2022,0.20,0.20,-0.10,0.13,0.18,0.20,0.09,-0.10,0.20,-0.10,-0.04,-0.10,-0.06,0.20,-0.10,-0.10,0.01,0.20,0.19,-0.10
14/03/2022,0.20,0.20,-0.10,0.13,0.18,0.20,0.09,-0.10,0.20,-0.10,-0.04,-0.10,-0.06,0.20,-0.10,-0.10,0.01,0.20,0.19,-0.10
15/03/2022,0.20,0.20,-0.10,0.13,0.18,0.20,0.09,-0.10,0.20,-0.10,-0.04,-0.10,-0.06,0.20,-0.10,-0.10,0.01,0.20,0.19,-0.10
16/03/2022,0.20,0.20,-0.10,0.13,0.18,0.20,0.09,-0.10,0.20,-0.10,-0.04,-0.10,-0.06,0.20,-0.10,-0.10,0.01,0.20,0.19,-0.10
17/03/2022,0.20,0.20,-0.10,0.13,0.18,0.20,0.09,-0.10,0.20,-0.10,-0.04,-0.10,-0.06,0.20,-0.10,-0.10,0.01,0.20,0.19,-0.10
18/03/2022,0.20,0.20,-0.10,0.09,0.17,0.20,0.09,-0.10,0.20,-0.10,-0.05,-0.10,-0.01,0.20,-0.10,-0.10,0.02,0.20,0.20,-0.10
21/03/2022,0.20,0.20,-0.10,0.09,0.17,0.20,0.09,-0.10,0.20,-0.10,-0.05,-0.10,-0.01,0.20,-0.10,-0.10,0.02,0.20,0.20,-0.10
22/03/2022,0.20,0.20,-0.10,0.09,0.17,0.20,0.09,-0.10,0.20,-0.10,-0.05,-0.10,-0.01,0.20,-0.10,-0.10,0.02,0.20,0.20,-0.10
23/03/2022,0.20,0.20,-0.10,0.09,0.17,0.20,0.09,-0.10,0.20,-0.10,-0.05,-0.10,-0.01,0.20,-0.10,-0.10,0.02,0.20,0.20,-0.10
24/03/2022,0.20,0.20,-0.10,0.09,0.17,0.20,0.09,-0.10,0.20,-0.10,-0.05,-0.10,-0.01,0.20,-0.10,-0.10,0.02,0.20,0.20,-0.10
25/03/2022,0.20,0.20,-0.10,0.09,0.17,0.20,0.09,-0.10,0.20,-0.10,-0.05,-0.10,-0.01,0.20,-0.10,-0.10,0.02,0.20,0.20,-0.10
28/03/2022,0.20,0.20,-0.10,0.09,0.17,0.20,0.09,-0.10,0.20,-0.10,-0.05,-0.10,-0.01,0.20,-0.10,-0.10,0.02,0.20,0.20,-0.10
29/03/2022,0.20,0.20,-0.10,0.09,0.17,0.20,0.09,-0.10,0.20,-0.10,-0.05,-0.10,-0.01,0.20,-0.10,-0.10,0.02,0.20,0.20,-0.10
30/03/2022,0.20,0.20,-0.10,0.09,0.17,0.20,0.09,-0.10,0.20,-0.10,-0.05,-0.10,-0.01,0.20,-0.10,-0.10,0.02,0.20,0.20,-0.10
31/03/2022,0.20,0.20,-0.10,0.09,0.17,0.20,0.09,-0.10,0.20,-0.10,-0.05,-0.10,-0.01,0.20,-0.10,-0.10,0.02,0.20,0.20,-0.10
01/04/2022,0.20,0.20,-0.10,0.15,0.20,0.20,0.10,-0.10,0.20,-0.05,-0.04,-0.10,-0.08,0.09,-0.10,-0.08,0.03,0.20,0.19,-0.10
04/04/2022,0.20,0.20,-0.10,0.15,0.20,0.20,0.10,-0.10,0.20,-0.05,-0.04,-0.10,-0.08,0.09,-0.10,-0.08,0.03,0.20,0.19,-0.10
05/04/2022,0.20,0.20,-0.10,0.15,0.20,0.20,0.10,-0.10,0.20,-0.05,-0.04,-0.10,-0.08,0.09,-0.10,-0.08,0.03,0.20,0.19,-0.10
06/04/2022,0.20,0.20,-0.10,0.15,0.20,0.20,0.10,-0.10,0.20,-0.05,-0.04,-0.10,-0.08,0.09,-0.10,-0.08,0.03,0.20,0.19,-0.10
07/04/2022,0.20,0.20,-0.10,0.15,0.20,0.20,0.10,-0.10,0.20,-0.05,-0.04,-0.10,-0.08,0.09,-0.10,-0.08,0.03,0.20,0.19,-0.10
08/04/2022,0.20,0.20,-0.10,0.15,0.20,0.20,0.10,-0.10,0.20,-0.05,-0.04,-0.10,-0.08,0.09,-0.10,-0.08,0.03,0.20,0.19,-0.10
11/04/2022,0.20,0.20,-0.10,0.15,0.20,0.20,0.10,-0.10,0.20,-0.05,-0.04,-0.10,-0.08,0.09,-0.10,-0.08,0.03,0.20,0.19,-0.10
12/04/2022,0.20,0.20,-0.10,-0.01,0.20,0.20,0.09,0.02,0.20,-0.10,-0.06,-0.10,-0.06,0.14,-0.10,-0.01,0.06,0.20,0.14,-0.10
13/04/2022,0.20,0.20,-0.10,-0.01,0.20,0.20,0.09,0.02,0.20,-0.10,-0.06,-0.10,-0.06,0.14,-0.10,-0.01,0.06,0.20,0.14,-0.10
14/04/2022,0.20,0.20,-0.10,-0.01,0.20,0.20,0.09,0.02,0.20,-0.10,-0.06,-0.10,-0.06,0.14,-0.10,-0.01,0.06,0.20,0.14,-0.10
18/04/2022,0.20,0.20,-0.10,-0.01,0.20,0.20,0.09,0.02,0.20,-0.10,-0.06,-0.10,-0.06,0.14,-0.10,-0.01,0.06,0.20,0.14,-0.10
19/04/2022,0.20,0.20,-0.10,-0.01,0.20,0.20,0.09,0.02,0.20,-0.10,-0.06,-0.10,-0.06,0.14,-0.10,-0.01,0.06,0.20,0.14,-0.10
20/04/2022,0.20,0.18,-0.10,0.11,0.20,0.20,0.09,-0.10,0.20,-0.10,-0.04,-0.10,-0.07,0.13,-0.10,0.01,0.04,0.20,0.13,-0.09
21/04/2022,0.20,0.18,-0.10,0.11,0.20,0.20,0.09,-0.10,0.20,-0.10,-0.04,-0.10,-0.07,0.13,-0.10,0.01,0.04,0.20,0.13,-0.09
22/04/2022,0.20,0.18,-0.10,0.11,0.20,0.20,0.09,-0.10,0.20,-0.10,-0.04,-0.10,-0.07,0.13,-0.10,0.01,0.04,0.20,0.13,-0.09
25/04/2022,0.20,0.18,-0.10,0.11,0.20,0.20,0.09,-0.10,0.20,-0.10,-0.04,-0.10,-0.07,0.13,-0.10,0.01,0.04,0.20,0.13,-0.09
26/04/2022,0.20,0.18,-0.10,0.11,0.20,0.20,0.09,-0.10,0.20,-0.10,-0.04,-0.10,-0.07,0.13,-0.10,0.01,0.04,0.20,0.13,-0.09
27/04/2022,0.20,0.14,-0.10,-0.01,0.20,0.20,0.08,0.06,0.20,-0.10,-0.05,-0.10,-0.10,0.17,-0.10,-0.02,0.05,0.20,0.18,-0.10
28/04/2022,0.20,0.14,-0.10,-0.01,0.20,0.20,0.08,0.06,0.20,-0.10,-0.05,-0.10,-0.10,0.17,-0.10,-0.02,0.05,0.20,0.18,-0.10
29/04/2022,0.20,0.14,-0.10,-0.01,0.20,0.20,0.08,0.06,0.20,-0.10,-0.05,-0.10,-0.10,0.17,-0.10,-0.02,0.05,0.20,0.18,-0.10
02/05/2022,0.20,0.14,-0.10,-0.01,0.20,0.20,0.08,0.06,0.20,-0.10,-0.05,-0.10,-0.10,0.17,-0.10,-0.02,0.05,0.20,0.18,-0.10
03/05/2022,0.20,0.14,-0.10,-0.01,0.20,0.20,0.08,0.06,0.20,-0.10,-0.05,-0.10,-0.10,0.17,-0.10,-0.02,0.05,0.20,0.18,-0.10
04/05/2022,0.20,0.18,-0.10,0.00,0.17,0.20,0.09,0.01,0.20,-0.10,-0.03,-0.10,-0.09,0.18,-0.10,0.00,0.03,0.20,0.17,-0.10
05/05/2022,0.20,0.18,-0.10,0.00,0.17,0.20,0.09,0.01,0.20,-0.10,-0.03,-0.10,-0.09,0.18,-0.10,0.00,0.03,0.20,0.17,-0.10
06/05/2022,0.20,0.18,-0.10,0.00,0.17,0.20,0.09,0.01,0.20,-0.10,-0.03,-0.10,-0.09,0.18,-0.10,0.00,0.03,0.20,0.17,-0.10
09/05/2022,0.20,0.18,-0.10,0.00,0.17,0.20,0.09,0.01,0.20,-0.10,-0.03,-0.10,-0.09,0.18,-0.10,0.00,0.03,0.20,0.17,-0.10
10/05/2022,0.20,0.18,-0.10,0.00,0.17,0.20,0.09,0.01,0.20,-0.10,-0.03,-0.10,-0.09,0.18,-0.10,0.00,0.03,0.20,0.17,-0.10
11/05/2022,0.20,0.18,-0.10,0.00,0.17,0.20,0.09,0.01,0.20,-0.10,-0.03,-0.10,-0.09,0.18,-0.10,0.00,0.03,0.20,0.17,-0.10
12/05/2022,0.20,0.11,-0.10,0.10,0.20,0.20,0.08,-0.08,0.20,-0.10,-0.02,-0.10,-0.08,0.15,-0.10,0.02,0.04,0.20,0.18,-0.09
13/05/2022,0.20,0.08,-0.10,0.08,0.17,0.20,0.08,-0.05,0.20,-0.10,-0.01,-0.10,-0.09,0.16,-0.10,0.03,0.04,0.20,0.18,-0.08
16/05/2022,0.20,0.07,-0.10,0.07,0.17,0.20,0.09,-0.03,0.20,-0.10,0.00,-0.10,-0.10,0.18,-0.10,0.02,0.03,0.20,0.18,-0.09
17/05/2022,0.20,0.09,-0.10,0.12,0.17,0.20,0.09,-0.09,0.20,-0.10,0.00,-0.10,-0.10,0.18,-0.10,0.03,0.03,0.20,0.18,-0.08
18/05/2022,0.20,0.09,-0.10,0.12,0.17,0.20,0.09,-0.09,0.20,-0.10,0.00,-0.10,-0.10,0.18,-0.10,0.03,0.03,0.20,0.18,-0.08
19/05/2022,0.20,0.09,-0.10,0.12,0.17,0.20,0.09,-0.09,0.20,-0.10,0.00,-0.10,-0.10,0.18,-0.10,0.03,0.03,0.20,0.18,-0.08
20/05/2022,0.20,0.09,-0.10,0.12,0.17,0.20,0.09,-0.09,0.20,-0.10,0.00,-0.10,-0.10,0.18,-0.10,0.03,0.03,0.20,0.18,-0.08
23/05/2022,0.20,0.09,-0.10,0.12,0.17,0.20,0.09,-0.09,0.20,-0.10,0.00,-0.10,-0.10,0.18,-0.10,0.03,0.03,0.20,0.18,-0.08
24/05/2022,0.20,0.09,-0.10,0.12,0.17,0.20,0.09,-0.09,0.20,-0.10,0.00,-0.10,-0.10,0.18,-0.10,0.03,0.03,0.20,0.18,-0.08
25/05/2022,0.20,0.09,-0.10,0.12,0.17,0.20,0.09,-0.09,0.20,-0.10,0.00,-0.10,-0.10,0.18,-0.10,0.03,0.03,0.20,0.18,-0.08
26/05/2022,0.20,0.12,-0.10,0.07,0.14,0.20,0.10,-0.10,0.20,-0.10,-0.01,-0.10,-0.05,0.16,-0.10,0.04,0.03,0.20,0.18,-0.08
27/05/2022,0.20,0.12,-0.10,0.11,0.13,0.20,0.10,-0.10,0.20,-0.10,-0.01,-0.10,-0.05,0.17,-0.10,0.01,0.03,0.20,0.18,-0.09
31/05/2022,0.20,0.10,-0.10,0.14,0.16,0.20,0.10,-0.10,0.20,-0.10,-0.01,-0.10,-0.08,0.16,-0.10,0.01,0.02,0.20,0.17,-0.08
01/06/2022,0.20,0.10,-0.10,0.14,0.16,0.20,0.10,-0.10,0.20,-0.10,-0.01,-0.10,-0.08,0.16,-0.10,0.01,0.02,0.20,0.17,-0.08
02/06/2022,0.20,0.10,-0.10,0.14,0.16,0.20,0.10,-0.10,0.20,-0.10,-0.01,-0.10,-0.08,0.16,-0.10,0.01,0.02,0.20,0.17,-0.08
03/06/2022,0.20,0.10,-0.10,0.14,0.16,0.20,0.10,-0.10,0.20,-0.10,-0.01,-0.10,-0.08,0.16,-0.10,0.01,0.02,0.20,0.17,-0.08
06/06/2022,0.20,0.10,-0.10,0.14,0.16,0.20,0.10,-0.10,0.20,-0.10,-0.01,-0.10,-0.08,0.16,-0.10,0.01,0.02,0.20,0.17,-0.08
07/06/2022,0.20,0.10,-0.10,0.14,0.16,0.20,0.10,-0.10,0.20,-0.10,-0.01,-0.10,-0.08,0.16,-0.10,0.01,0.02,0.20,0.17,-0.08
08/06/2022,0.20,0.10,-0.10,0.14,0.16,0.20,0.10,-0.10,0.20,-0.10,-0.01,-0.10,-0.08,0.16,-0.10,0.01,0.02,0.20,0.17,-0.08
09/06/2022,0.20,0.10,-0.10,0.14,0.16,0.20,0.10,-0.10,0.20,-0.10,-0.01,-0.10,-0.08,0.16,-0.10,0.01,0.02,0.20,0.17,-0.08
10/06/2022,0.20,0.04,-0.10,0.20,0.15,0.20,0.10,-0.10,0.20,-0.10,0.00,-0.10,-0.09,0.15,-0.10,0.00,0.03,0.20,0.17,-0.05
13/06/2022,0.20,0.03,-0.10,0.20,0.16,0.20,0.10,-0.10,0.20,-0.10,0.00,-0.10,-0.10,0.14,-0.10,0.00,0.03,0.20,0.18,-0.06
14/06/2022,0.20,0.02,-0.10,0.20,0.15,0.20,0.10,-0.09,0.20,-0.10,-0.01,-0.10,-0.10,0.15,-0.10,0.00,0.04,0.20,0.20,-0.06
15/06/2022,0.20,0.02,-0.10,0.20,0.15,0.20,0.10,-0.09,0.20,-0.10,-0.01,-0.10,-0.10,0.15,-0.10,0.00,0.04,0.20,0.20,-0.06
16/06/2022,0.20,0.02,-0.10,0.20,0.15,0.20,0.10,-0.09,0.20,-0.10,-0.01,-0.10,-0.10,0.15,-0.10,0.00,0.04,0.20,0.20,-0.06
17/06/2022,0.20,0.05,-0.10,0.11,0.10,0.20,0.11,-0.01,0.20,-0.10,-0.01,-0.10,-0.07,0.14,-0.10,0.02,0.05,0.20,0.20,-0.09
21/06/2022,0.20,0.05,-0.10,0.11,0.10,0.20,0.11,-0.01,0.20,-0.10,-0.01,-0.10,-0.07,0.14,-0.10,0.02,0.05,0.20,0.20,-0.09
22/06/2022,0.20,0.06,-0.10,0.20,0.05,0.20,0.10,-0.08,0.20,-0.10,-0.02,-0.10,-0.04,0.12,-0.10,0.01,0.10,0.20,0.20,-0.10
23/06/2022,0.20,0.06,-0.10,0.20,0.05,0.20,0.10,-0.08,0.20,-0.10,-0.02,-0.10,-0.04,0.12,-0.10,0.01,0.10,0.20,0.20,-0.10
24/06/2022,0.20,0.06,-0.10,0.20,0.05,0.20,0.10,-0.08,0.20,-0.10,-0.02,-0.10,-0.04,0.12,-0.10,0.01,0.10,0.20,0.20,-0.10
27/06/2022,0.20,0.07,-0.10,0.20,0.03,0.20,0.09,-0.05,0.20,-0.06,-0.03,-0.10,-0.10,0.13,-0.10,0.05,0.06,0.20,0.20,-0.10
28/06/2022,0.20,0.06,-0.10,0.20,0.05,0.20,0.10,-0.08,0.20,-0.10,-0.02,-0.10,-0.04,0.12,-0.10,0.01,0.10,0.20,0.20,-0.10
29/06/2022,0.20,0.06,-0.10,0.20,0.05,0.20,0.10,-0.08,0.20,-0.10,-0.02,-0.10,-0.04,0.12,-0.10,0.01,0.10,0.20,0.20,-0.10
30/06/2022,0.20,0.06,-0.10,0.20,0.05,0.20,0.10,-0.08,0.20,-0.10,-0.02,-0.10,-0.04,0.12,-0.10,0.01,0.10,0.20,0.20,-0.10
01/07/2022,0.20,0.06,-0.10,0.20,0.05,0.20,0.10,-0.08,0.20,-0.10,-0.02,-0.10,-0.04,0.12,-0.10,0.01,0.10,0.20,0.20,-0.10
05/07/2022,0.20,0.06,-0.10,0.20,0.05,0.20,0.10,-0.08,0.20,-0.10,-0.02,-0.10,-0.04,0.12,-0.10,0.01,0.10,0.20,0.20,-0.10
06/07/2022,0.20,0.09,-0.10,0.20,0.07,0.20,0.08,-0.09,0.20,-0.10,-0.03,-0.10,-0.09,0.14,-0.10,0.05,0.08,0.20,0.20,-0.10
07/07/2022,0.20,0.09,-0.10,0.20,0.07,0.20,0.08,-0.09,0.20,-0.10,-0.03,-0.10,-0.09,0.14,-0.10,0.05,0.08,0.20,0.20,-0.10
08/07/2022,0.20,0.09,-0.10,0.20,0.07,0.20,0.08,-0.09,0.20,-0.10,-0.03,-0.10,-0.09,0.14,-0.10,0.05,0.08,0.20,0.20,-0.10
11/07/2022,0.20,0.09,-0.10,0.20,0.07,0.20,0.08,-0.09,0.20,-0.10,-0.03,-0.10,-0.09,0.14,-0.10,0.05,0.08,0.20,0.20,-0.10
12/07/2022,0.20,0.07,-0.10,0.12,0.07,0.20,0.08,0.00,0.20,-0.10,-0.03,-0.10,-0.09,0.12,-0.10,0.08,0.08,0.20,0.20,-0.10
13/07/2022,0.20,0.05,-0.10,0.13,0.08,0.20,0.08,-0.01,0.20,-0.10,-0.03,-0.10,-0.08,0.12,-0.10,0.07,0.09,0.20,0.20,-0.10
14/07/2022,0.20,0.06,-0.10,0.09,0.11,0.20,0.08,0.01,0.20,-0.10,-0.03,-0.10,-0.10,0.13,-0.10,0.06,0.09,0.20,0.20,-0.10
15/07/2022,0.20,0.06,-0.10,0.09,0.11,0.20,0.08,0.01,0.20,-0.10,-0.03,-0.10,-0.10,0.13,-0.10,0.06,0.09,0.20,0.20,-0.10
18/07/2022,0.20,0.06,-0.10,0.09,0.11,0.20,0.08,0.01,0.20,-0.10,-0.03,-0.10,-0.10,0.13,-0.10,0.06,0.09,0.20,0.20,-0.10
19/07/2022,0.20,0.05,-0.10,0.04,0.12,0.20,0.09,0.05,0.20,-0.10,-0.04,-0.10,-0.10,0.16,-0.10,0.06,0.09,0.20,0.20,-0.10
20/07/2022,0.20,0.05,-0.10,0.04,0.12,0.20,0.09,0.05,0.20,-0.10,-0.04,-0.10,-0.10,0.16,-0.10,0.06,0.09,0.20,0.20,-0.10
21/07/2022,0.20,0.05,-0.10,0.04,0.12,0.20,0.09,0.05,0.20,-0.10,-0.04,-0.10,-0.10,0.16,-0.10,0.06,0.09,0.20,0.20,-0.10
22/07/2022,0.20,0.04,-0.10,0.06,0.15,0.20,0.09,0.05,0.20,-0.10,-0.03,-0.10,-0.10,0.17,-0.10,0.04,0.08,0.20,0.15,-0.10
25/07/2022,0.20,0.04,-0.10,0.06,0.15,0.20,0.09,0.05,0.20,-0.10,-0.03,-0.10,-0.10,0.17,-0.10,0.04,0.08,0.20,0.15,-0.10
26/07/2022,0.20,0.04,-0.10,0.06,0.15,0.20,0.09,0.05,0.20,-0.10,-0.03,-0.10,-0.10,0.17,-0.10,0.04,0.08,0.20,0.15,-0.10
27/07/2022,0.20,0.04,-0.10,0.06,0.15,0.20,0.09,0.05,0.20,-0.10,-0.03,-0.10,-0.10,0.17,-0.10,0.04,0.08,0.20,0.15,-0.10
28/07/2022,0.20,0.12,-0.10,0.12,0.19,0.20,0.10,-0.10,0.20,-0.10,-0.02,-0.10,-0.10,0.16,-0.10,0.02,0.10,0.20,0.13,-0.10
29/07/2022,0.20,0.12,-0.10,0.12,0.20,0.20,0.10,-0.10,0.20,-0.10,-0.02,-0.10,-0.10,0.15,-0.10,0.00,0.10,0.20,0.15,-0.10
01/08/2022,0.20,0.12,-0.10,0.13,0.20,0.20,0.09,-0.10,0.20,-0.10,-0.02,-0.10,-0.10,0.14,-0.10,-0.01,0.08,0.20,0.16,-0.08
02/08/2022,0.20,0.12,-0.10,0.13,0.20,0.20,0.09,-0.10,0.20,-0.10,-0.02,-0.10,-0.10,0.14,-0.10,-0.01,0.08,0.20,0.16,-0.08
03/08/2022,0.20,0.12,-0.10,0.13,0.20,0.20,0.09,-0.10,0.20,-0.10,-0.02,-0.10,-0.10,0.14,-0.10,-0.01,0.08,0.20,0.16,-0.08
04/08/2022,0.20,0.12,-0.10,0.13,0.20,0.20,0.09,-0.10,0.20,-0.10,-0.02,-0.10,-0.10,0.14,-0.10,-0.01,0.08,0.20,0.16,-0.08
05/08/2022,0.20,0.12,-0.10,0.13,0.20,0.20,0.09,-0.10,0.20,-0.10,-0.02,-0.10,-0.10,0.14,-0.10,-0.01,0.08,0.20,0.16,-0.08
08/08/2022,0.20,0.12,-0.10,0.13,0.20,0.20,0.09,-0.10,0.20,-0.10,-0.02,-0.10,-0.10,0.14,-0.10,-0.01,0.08,0.20,0.16,-0.08
09/08/2022,0.20,0.12,-0.10,0.13,0.20,0.20,0.09,-0.10,0.20,-0.10,-0.02,-0.10,-0.10,0.14,-0.10,-0.01,0.08,0.20,0.16,-0.08
10/08/2022,0.20,0.12,-0.10,0.13,0.19,0.20,0.09,-0.10,0.20,-0.10,-0.03,-0.10,-0.08,0.16,-0.10,-0.03,0.08,0.20,0.17,-0.10
11/08/2022,0.20,0.12,-0.10,0.13,0.13,0.20,0.09,-0.10,0.20,-0.10,-0.02,-0.10,-0.04,0.18,-0.10,-0.02,0.07,0.20,0.16,-0.10
12/08/2022,0.20,0.12,-0.10,0.08,0.10,0.20,0.09,-0.06,0.20,-0.10,-0.02,-0.10,-0.02,0.18,-0.10,-0.02,0.08,0.20,0.16,-0.09
15/08/2022,0.20,0.12,-0.10,0.08,0.10,0.20,0.09,-0.06,0.20,-0.10,-0.02,-0.10,-0.02,0.18,-0.10,-0.02,0.08,0.20,0.16,-0.09
16/08/2022,0.20,0.12,-0.10,0.08,0.10,0.20,0.09,-0.06,0.20,-0.10,-0.02,-0.10,-0.02,0.18,-0.10,-0.02,0.08,0.20,0.16,-0.09
17/08/2022,0.20,0.12,-0.10,0.08,0.10,0.20,0.09,-0.06,0.20,-0.10,-0.02,-0.10,-0.02,0.18,-0.10,-0.02,0.08,0.20,0.16,-0.09
18/08/2022,0.20,0.12,-0.10,0.08,0.10,0.20,0.09,-0.06,0.20,-0.10,-0.02,-0.10,-0.02,0.18,-0.10,-0.02,0.08,0.20,0.16,-0.09
19/08/2022,0.20,0.12,-0.10,0.08,0.10,0.20,0.09,-0.06,0.20,-0.10,-0.02,-0.10,-0.02,0.18,-0.10,-0.02,0.08,0.20,0.16,-0.09
22/08/2022,0.20,0.12,-0.10,0.08,0.10,0.20,0.09,-0.06,0.20,-0.10,-0.02,-0.10,-0.02,0.18,-0.10,-0.02,0.08,0.20,0.16,-0.09
23/08/2022,0.20,0.12,-0.10,0.11,0.10,0.20,0.07,-0.08,0.20,-0.10,-0.02,-0.10,-0.03,0.14,-0.10,0.00,0.06,0.20,0.19,-0.07
24/08/2022,0.20,0.11,-0.10,0.07,0.12,0.20,0.07,-0.04,0.20,-0.10,-0.02,-0.10,-0.04,0.12,-0.10,0.00,0.07,0.20,0.19,-0.05
25/08/2022,0.20,0.12,-0.10,0.05,0.15,0.20,0.08,-0.02,0.20,-0.10,-0.02,-0.10,-0.04,0.12,-0.10,-0.01,0.07,0.20,0.18,-0.06
26/08/2022,0.20,0.12,-0.10,0.05,0.15,0.20,0.08,-0.02,0.20,-0.10,-0.02,-0.10,-0.04,0.12,-0.10,-0.01,0.07,0.20,0.18,-0.06
29/08/2022,0.20,0.12,-0.10,0.05,0.15,0.20,0.08,-0.02,0.20,-0.10,-0.02,-0.10,-0.04,0.12,-0.10,-0.01,0.07,0.20,0.18,-0.06
30/08/2022,0.20,0.11,-0.10,0.11,0.16,0.20,0.07,-0.08,0.20,-0.10,-0.01,-0.10,-0.04,0.10,-0.10,-0.02,0.08,0.20,0.18,-0.06
31/08/2022,0.20,0.11,-0.10,0.11,0.16,0.20,0.07,-0.07,0.20,-0.10,-0.02,-0.10,-0.04,0.11,-0.10,-0.01,0.08,0.20,0.17,-0.07
01/09/2022,0.20,0.13,-0.10,0.11,0.17,0.20,0.06,-0.08,0.20,-0.10,-0.02,-0.10,-0.04,0.10,-0.10,-0.01,0.08,0.20,0.18,-0.07
02/09/2022,0.20,0.13,-0.10,0.11,0.17,0.20,0.06,-0.08,0.20,-0.10,-0.02,-0.10,-0.04,0.10,-0.10,-0.01,0.08,0.20,0.18,-0.07
06/09/2022,0.20,0.13,-0.10,0.11,0.17,0.20,0.06,-0.08,0.20,-0.10,-0.02,-0.10,-0.04,0.10,-0.10,-0.01,0.08,0.20,0.18,-0.07
07/09/2022,0.20,0.13,-0.10,0.11,0.17,0.20,0.06,-0.08,0.20,-0.10,-0.02,-0.10,-0.04,0.10,-0.10,-0.01,0.08,0.20,0.18,-0.07
08/09/2022,0.20,0.13,-0.10,0.11,0.17,0.20,0.06,-0.08,0.20,-0.10,-0.02,-0.10,-0.04,0.10,-0.10,-0.01,0.08,0.20,0.18,-0.07
09/09/2022,0.20,0.13,-0.10,0.11,0.17,0.20,0.06,-0.08,0.20,-0.10,-0.02,-0.10,-0.04,0.10,-0.10,-0.01,0.08,0.20,0.18,-0.07
12/09/2022,0.20,0.13,-0.10,0.11,0.17,0.20,0.06,-0.08,0.20,-0.10,-0.02,-0.10,-0.04,0.10,-0.10,-0.01,0.08,0.20,0.18,-0.07
13/09/2022,0.20,0.16,-0.10,0.09,0.14,0.20,0.05,-0.07,0.20,-0.10,-0.01,-0.10,-0.05,0.10,-0.10,0.02,0.07,0.20,0.18,-0.09
14/09/2022,0.20,0.15,-0.10,0.06,0.14,0.20,0.05,-0.04,0.20,-0.10,0.00,-0.10,-0.05,0.08,-0.10,0.03,0.07,0.20,0.19,-0.09
15/09/2022,0.20,0.15,-0.10,0.06,0.14,0.20,0.05,-0.04,0.20,-0.10,0.00,-0.10,-0.05,0.08,-0.10,0.03,0.07,0.20,0.19,-0.09
16/09/2022,0.20,0.15,-0.10,0.06,0.14,0.20,0.05,-0.04,0.20,-0.10,0.00,-0.10,-0.05,0.08,-0.10,0.03,0.07,0.20,0.19,-0.09
19/09/2022,0.20,0.15,-0.10,0.06,0.14,0.20,0.05,-0.04,0.20,-0.10,0.00,-0.10,-0.05,0.08,-0.10,0.03,0.07,0.20,0.19,-0.09
20/09/2022,0.20,0.15,-0.10,0.06,0.14,0.20,0.05,-0.04,0.20,-0.10,0.00,-0.10,-0.05,0.08,-0.10,0.03,0.07,0.20,0.19,-0.09
21/09/2022,0.20,0.15,-0.10,0.06,0.14,0.20,0.05,-0.04,0.20,-0.10,0.00,-0.10,-0.05,0.08,-0.10,0.03,0.07,0.20,0.19,-0.09
22/09/2022,0.20,0.11,-0.10,0.11,0.15,0.20,0.06,-0.10,0.20,-0.10,0.01,-0.10,-0.03,0.10,-0.10,0.03,0.09,0.20,0.16,-0.09
23/09/2022,0.20,0.12,-0.10,0.12,0.15,0.20,0.05,-0.10,0.20,-0.10,0.01,-0.10,-0.04,0.09,-0.10,0.05,0.08,0.20,0.14,-0.08
26/09/2022,0.20,0.12,-0.10,0.12,0.17,0.20,0.06,-0.10,0.20,-0.10,0.00,-0.10,-0.05,0.11,-0.10,0.05,0.08,0.20,0.13,-0.10
27/09/2022,0.20,0.13,-0.10,0.11,0.17,0.20,0.06,-0.08,0.20,-0.10,0.00,-0.10,-0.05,0.10,-0.10,0.05,0.08,0.20,0.13,-0.09
28/09/2022,0.20,0.12,-0.10,0.12,0.17,0.20,0.06,-0.10,0.20,-0.10,0.00,-0.10,-0.06,0.09,-0.10,0.04,0.09,0.20,0.15,-0.09
29/09/2022,0.20,0.11,-0.10,0.12,0.17,0.20,0.05,-0.09,0.20,-0.10,0.00,-0.10,-0.06,0.13,-0.10,0.04,0.08,0.20,0.13,-0.08
30/09/2022,0.20,0.12,-0.10,0.10,0.16,0.20,0.04,-0.08,0.20,-0.10,-0.01,-0.10,-0.05,0.13,-0.10,0.04,0.08,0.20,0.14,-0.07
03/10/2022,0.20,0.12,-0.10,0.12,0.17,0.20,0.05,-0.10,0.20,-0.10,-0.01,-0.10,-0.06,0.14,-0.10,0.04,0.07,0.20,0.13,-0.07
04/10/2022,0.20,0.13,-0.10,0.12,0.16,0.20,0.05,-0.10,0.20,-0.10,-0.01,-0.10,-0.06,0.14,-0.10,0.03,0.07,0.20,0.13,-0.06
05/10/2022,0.20,0.13,-0.10,0.10,0.16,0.20,0.05,-0.08,0.20,-0.10,0.00,-0.10,-0.05,0.12,-0.10,0.03,0.07,0.20,0.14,-0.05
06/10/2022,0.20,0.13,-0.10,0.10,0.16,0.20,0.05,-0.08,0.20,-0.10,0.00,-0.10,-0.05,0.12,-0.10,0.03,0.07,0.20,0.14,-0.05
07/10/2022,0.20,0.13,-0.10,0.10,0.16,0.20,0.05,-0.08,0.20,-0.10,0.00,-0.10,-0.05,0.12,-0.10,0.03,0.07,0.20,0.14,-0.05
10/10/2022,0.20,0.10,-0.10,0.06,0.17,0.20,0.05,-0.02,0.20,-0.10,0.00,-0.10,-0.07,0.13,-0.10,0.04,0.08,0.20,0.12,-0.06
11/10/2022,0.20,0.09,-0.10,0.04,0.16,0.20,0.05,0.01,0.20,-0.10,-0.01,-0.10,-0.07,0.13,-0.10,0.06,0.08,0.20,0.13,-0.05
12/10/2022,0.20,0.07,-0.10,0.05,0.18,0.20,0.05,0.00,0.20,-0.10,-0.02,-0.10,-0.10,0.13,-0.10,0.06,0.09,0.20,0.13,-0.05
13/10/2022,0.20,0.09,-0.10,0.09,0.17,0.20,0.04,-0.04,0.20,-0.10,-0.02,-0.10,-0.10,0.13,-0.10,0.07,0.08,0.20,0.13,-0.04
14/10/2022,0.20,0.09,-0.10,0.09,0.17,0.20,0.04,-0.04,0.20,-0.10,-0.02,-0.10,-0.10,0.13,-0.10,0.07,0.08,0.20,0.13,-0.04
17/10/2022,0.20,0.09,-0.10,0.09,0.17,0.20,0.04,-0.04,0.20,-0.10,-0.02,-0.10,-0.10,0.13,-0.10,0.07,0.08,0.20,0.13,-0.04
18/10/2022,0.20,0.14,-0.10,0.12,0.16,0.20,0.04,-0.09,0.20,-0.10,-0.03,-0.10,-0.06,0.10,-0.10,0.08,0.07,0.20,0.13,-0.06
19/10/2022,0.20,0.14,-0.10,0.12,0.16,0.20,0.04,-0.09,0.20,-0.10,-0.03,-0.10,-0.06,0.10,-0.10,0.08,0.07,0.20,0.13,-0.06
20/10/2022,0.20,0.14,-0.10,0.12,0.16,0.20,0.04,-0.09,0.20,-0.10,-0.03,-0.10,-0.06,0.10,-0.10,0.08,0.07,0.20,0.13,-0.06
21/10/2022,0.20,0.14,-0.10,0.12,0.16,0.20,0.04,-0.09,0.20,-0.10,-0.03,-0.10,-0.06,0.10,-0.10,0.08,0.07,0.20,0.13,-0.06
24/10/2022,0.20,0.14,-0.10,0.11,0.17,0.20,0.05,-0.10,0.20,-0.10,-0.02,-0.10,-0.06,0.07,-0.10,0.09,0.08,0.20,0.15,-0.07
25/10/2022,0.20,0.13,-0.10,0.11,0.18,0.20,0.05,-0.10,0.20,-0.10,-0.02,-0.10,-0.06,0.08,-0.10,0.09,0.08,0.20,0.15,-0.07
26/10/2022,0.20,0.12,-0.10,0.13,0.18,0.20,0.05,-0.10,0.20,-0.10,-0.02,-0.10,-0.07,0.11,-0.10,0.07,0.07,0.20,0.13,-0.08
27/10/2022,0.20,0.07,-0.10,0.09,0.18,0.20,0.06,-0.10,0.20,-0.10,-0.01,-0.10,-0.05,0.11,-0.10,0.08,0.08,0.20,0.14,-0.06
28/10/2022,0.20,0.06,-0.10,0.07,0.17,0.20,0.07,-0.10,0.20,-0.10,-0.02,-0.10,-0.05,0.11,-0.10,0.09,0.08,0.20,0.13,-0.02
31/10/2022,0.20,0.08,-0.10,0.08,0.19,0.20,0.07,-0.10,0.20,-0.10,-0.02,-0.10,-0.06,0.12,-0.10,0.11,0.05,0.20,0.11,-0.03
01/11/2022,0.20,0.08,-0.10,0.07,0.17,0.20,0.06,-0.10,0.20,-0.10,-0.02,-0.10,-0.06,0.14,-0.10,0.13,0.05,0.20,0.10,-0.03
02/11/2022,0.20,0.09,-0.10,0.04,0.14,0.20,0.07,-0.10,0.20,-0.10,-0.03,-0.10,-0.05,0.16,-0.10,0.13,0.06,0.20,0.11,-0.02
03/11/2022,0.20,0.09,-0.10,0.03,0.13,0.20,0.08,-0.10,0.20,-0.10,-0.03,-0.10,-0.04,0.15,-0.10,0.14,0.06,0.20,0.11,-0.01
04/11/2022,0.20,0.09,-0.10,0.00,0.12,0.20,0.09,-0.10,0.20,-0.10,-0.03,-0.10,-0.04,0.14,-0.10,0.16,0.07,0.20,0.11,0.01
07/11/2022,0.20,0.09,-0.10,0.00,0.12,0.20,0.08,-0.10,0.20,-0.10,-0.03,-0.10,-0.04,0.15,-0.10,0.16,0.07,0.20,0.11,0.01
08/11/2022,0.20,0.09,-0.10,0.00,0.12,0.20,0.09,-0.10,0.20,-0.10,-0.03,-0.10,-0.04,0.14,-0.10,0.16,0.07,0.20,0.11,0.01
09/11/2022,0.20,0.09,-0.10,0.02,0.13,0.20,0.09,-0.10,0.20,-0.10,-0.02,-0.10,-0.05,0.14,-0.10,0.15,0.05,0.20,0.10,0.01
10/11/2022,0.20,0.08,-0.10,0.02,0.13,0.20,0.09,-0.10,0.20,-0.10,-0.02,-0.10,-0.05,0.13,-0.10,0.15,0.05,0.20,0.09,0.02
11/11/2022,0.20,0.10,-0.10,0.02,0.15,0.20,0.09,-0.10,0.20,-0.10,-0.01,-0.10,-0.05,0.16,-0.10,0.12,0.04,0.20,0.09,0.00
14/11/2022,0.20,0.10,-0.10,0.02,0.15,0.20,0.09,-0.10,0.20,-0.10,-0.01,-0.10,-0.05,0.16,-0.10,0.12,0.04,0.20,0.09,0.00
15/11/2022,0.20,0.10,-0.10,0.02,0.15,0.20,0.09,-0.10,0.20,-0.10,-0.01,-0.10,-0.05,0.16,-0.10,0.12,0.04,0.20,0.09,0.00
16/11/2022,0.20,0.10,-0.10,0.03,0.14,0.20,0.09,-0.10,0.20,-0.10,-0.01,-0.10,-0.05,0.16,-0.10,0.12,0.04,0.20,0.09,0.00
17/11/2022,0.20,0.10,-0.10,0.02,0.15,0.20,0.09,-0.10,0.20,-0.10,-0.01,-0.10,-0.05,0.17,-0.10,0.11,0.05,0.20,0.08,0.00
18/11/2022,0.20,0.10,-0.10,0.02,0.15,0.20,0.09,-0.10,0.20,-0.10,-0.01,-0.10,-0.05,0.16,-0.10,0.12,0.04,0.20,0.09,0.00
21/11/2022,0.20,0.10,-0.10,0.02,0.15,0.20,0.09,-0.10,0.20,-0.10,-0.01,-0.10,-0.05,0.16,-0.10,0.12,0.04,0.20,0.09,0.00
22/11/2022,0.20,0.05,-0.10,0.05,0.18,0.20,0.08,-0.10,0.20,-0.10,-0.02,-0.10,-0.10,0.20,-0.10,0.11,0.04,0.20,0.12,-0.02
23/11/2022,0.20,0.04,-0.10,0.05,0.20,0.20,0.09,-0.10,0.20,-0.10,-0.01,-0.10,-0.10,0.20,-0.10,0.10,0.05,0.20,0.12,-0.02
25/11/2022,0.20,0.04,-0.10,0.06,0.18,0.20,0.09,-0.10,0.20,-0.10,-0.02,-0.10,-0.10,0.20,-0.10,0.10,0.04,0.20,0.12,-0.02
28/11/2022,0.20,0.04,-0.10,0.05,0.19,0.20,0.09,-0.10,0.20,-0.10,-0.02,-0.10,-0.10,0.20,-0.10,0.10,0.04,0.20,0.12,-0.02
29/11/2022,0.20,0.03,-0.10,0.05,0.17,0.20,0.09,-0.10,0.20,-0.10,-0.01,-0.10,-0.10,0.20,-0.10,0.12,0.04,0.20,0.12,-0.01
30/11/2022,0.20,0.03,-0.10,0.04,0.17,0.20,0.09,-0.10,0.20,-0.10,-0.01,-0.10,-0.10,0.20,-0.10,0.11,0.05,0.20,0.14,-0.01
01/12/2022,0.20,0.06,-0.10,0.04,0.16,0.20,0.09,-0.10,0.20,-0.10,-0.01,-0.10,-0.10,0.20,-0.10,0.10,0.04,0.20,0.15,-0.02
02/12/2022,0.20,0.06,-0.10,0.04,0.14,0.20,0.09,-0.10,0.20,-0.10,-0.01,-0.10,-0.10,0.20,-0.10,0.10,0.04,0.20,0.16,-0.02
05/12/2022,0.20,0.07,-0.10,0.03,0.14,0.20,0.09,-0.10,0.20,-0.10,-0.02,-0.10,-0.10,0.20,-0.10,0.10,0.05,0.20,0.15,-0.02
06/12/2022,0.20,0.06,-0.10,0.03,0.14,0.20,0.10,-0.10,0.20,-0.10,-0.02,-0.10,-0.10,0.20,-0.10,0.11,0.06,0.20,0.13,-0.01
07/12/2022,0.20,0.06,-0.10,0.03,0.16,0.20,0.09,-0.10,0.20,-0.10,-0.01,-0.10,-0.10,0.20,-0.10,0.11,0.06,0.20,0.11,-0.01
08/12/2022,0.20,0.07,-0.10,0.01,0.14,0.20,0.10,-0.10,0.20,-0.10,-0.02,-0.10,-0.10,0.20,-0.10,0.12,0.07,0.20,0.13,-0.01
09/12/2022,0.20,0.08,-0.10,-0.01,0.12,0.20,0.10,-0.10,0.20,-0.10,-0.02,-0.10,-0.10,0.20,-0.10,0.13,0.06,0.20,0.15,-0.02
12/12/2022,0.20,0.07,-0.10,0.00,0.13,0.20,0.10,-0.10,0.20,-0.10,0.00,-0.10,-0.10,0.20,-0.10,0.12,0.06,0.20,0.13,-0.02
13/12/2022,0.20,0.09,-0.10,-0.03,0.13,0.20,0.11,-0.10,0.20,-0.10,0.00,-0.10,-0.10,0.20,-0.10,0.11,0.06,0.20,0.14,-0.01
14/12/2022,0.20,0.10,-0.10,-0.02,0.11,0.20,0.11,-0.10,0.20,-0.10,0.00,-0.10,-0.10,0.20,-0.10,0.12,0.05,0.20,0.14,-0.01
15/12/2022,0.20,0.11,-0.10,-0.02,0.10,0.20,0.10,-0.10,0.20,-0.10,0.00,-0.10,-0.10,0.20,-0.10,0.12,0.06,0.20,0.15,-0.02
16/12/2022,0.20,0.10,-0.10,-0.04,0.09,0.20,0.10,-0.10,0.20,-0.10,0.01,-0.10,-0.10,0.20,-0.10,0.12,0.07,0.20,0.15,0.00
19/12/2022,0.20,0.08,-0.10,-0.10,0.09,0.20,0.10,-0.02,0.20,-0.10,0.02,-0.10,-0.10,0.20,-0.10,0.11,0.07,0.20,0.16,0.00
20/12/2022,0.20,0.07,-0.10,-0.10,0.11,0.20,0.10,-0.03,0.20,-0.10,0.02,-0.10,-0.10,0.20,-0.10,0.11,0.07,0.20,0.15,0.00
21/12/2022,0.20,0.07,-0.10,-0.10,0.11,0.20,0.10,-0.03,0.20,-0.10,0.01,-0.10,-0.10,0.20,-0.10,0.11,0.07,0.20,0.13,0.01
22/12/2022,0.19,0.07,-0.10,-0.10,0.12,0.20,0.10,-0.04,0.20,-0.10,0.03,-0.10,-0.10,0.20,-0.10,0.12,0.07,0.20,0.13,0.02
23/12/2022,0.19,0.05,-0.10,-0.10,0.11,0.19,0.09,-0.03,0.20,-0.10,0.03,-0.10,-0.10,0.20,-0.10,0.12,0.08,0.20,0.13,0.02
27/12/2022,0.17,0.05,-0.10,-0.10,0.11,0.19,0.09,0.00,0.20,-0.10,0.03,-0.10,-0.10,0.20,-0.10,0.12,0.07,0.20,0.14,0.02
28/12/2022,0.17,0.06,-0.10,-0.10,0.10,0.18,0.08,-0.01,0.20,-0.10,0.04,-0.10,-0.10,0.20,-0.10,0.13,0.08,0.20,0.14,0.04
29/12/2022,0.15,0.07,-0.10,-0.10,0.11,0.19,0.08,-0.03,0.20,-0.10,0.04,-0.10,-0.10,0.20,-0.10,0.12,0.08,0.20,0.15,0.03
30/12/2022,0.16,0.16,-0.10,-0.10,0.04,0.16,0.16,0.16,0.16,-0.10,-0.01,-0.10,-0.10,0.16,0.11,-0.10,-0.08,0.16,0.16,0.09